seconds,raw_value,attention,our-attention,blink,delta,theta,low-alpha,high-alpha,low-beta,high-beta,low-gamma,mid-gamma,raw_uv,our-alpha,our-gamma
0.0,-1,23,0.5275294332095689,0,1534825,357266,179198,24616,43346,26454,44648,5346,-0.2197265625,16.00763130324862,8.444496668430498
0.10203695297241211,-43,23,0.5275294332095689,0,1534825,357266,179198,24616,43346,26454,44648,5346,-9.448242187500002,16.00763130324862,8.444496668430498
0.20663094520568848,70,23,0.5275294332095689,0,1534825,357266,179198,24616,43346,26454,44648,5346,15.380859375,16.00763130324862,8.444496668430498
0.30974698066711426,144,23,0.5275294332095689,0,1534825,357266,179198,24616,43346,26454,44648,5346,31.640625,16.00763130324862,8.444496668430498
0.41313886642456055,67,23,0.5275294332095689,0,1534825,357266,179198,24616,43346,26454,44648,5346,14.721679687500002,16.00763130324862,8.444496668430498
0.5156478881835938,204,23,0.5275294332095689,0,1534825,357266,179198,24616,43346,26454,44648,5346,44.82421874999999,16.00763130324862,8.444496668430498
0.6159379482269287,20,17,0.5275294332095689,0,208566,69754,1703,2395,9290,4005,3785,1746,4.39453125,16.00763130324862,8.444496668430498
0.7190577983856201,6,17,0.5275294332095689,0,208566,69754,1703,2395,9290,4005,3785,1746,1.318359375,16.00763130324862,8.444496668430498
0.8238327503204346,-3,17,0.5275294332095689,0,208566,69754,1703,2395,9290,4005,3785,1746,-0.6591796875,16.00763130324862,8.444496668430498
0.9279108047485352,59,17,0.5275294332095689,0,208566,69754,1703,2395,9290,4005,3785,1746,12.9638671875,16.00763130324862,8.444496668430498
1.0284197330474854,36,17,1.1568928345745992,0,208566,69754,1703,2395,9290,4005,3785,1746,7.91015625,12.071581135555675,13.965525717710264
1.1300759315490723,105,17,1.1568928345745992,0,208566,69754,1703,2395,9290,4005,3785,1746,23.0712890625,12.071581135555675,13.965525717710264
1.2313988208770752,101,17,1.1568928345745992,0,208566,69754,1703,2395,9290,4005,3785,1746,22.192382812500004,12.071581135555675,13.965525717710264
1.3335509300231934,-10,17,1.1568928345745992,0,208566,69754,1703,2395,9290,4005,3785,1746,-2.197265625,12.071581135555675,13.965525717710264
1.4386179447174072,300,17,1.1568928345745992,0,208566,69754,1703,2395,9290,4005,3785,1746,65.91796875,12.071581135555675,13.965525717710264
1.5397119522094727,-137,17,1.1568928345745992,0,208566,69754,1703,2395,9290,4005,3785,1746,-30.1025390625,12.071581135555675,13.965525717710264
1.6406018733978271,36,35,1.1568928345745992,0,93198,47829,3439,17625,9120,11069,4708,4609,7.91015625,12.071581135555675,13.965525717710264
1.7412128448486328,-12,35,1.1568928345745992,0,93198,47829,3439,17625,9120,11069,4708,4609,-2.63671875,12.071581135555675,13.965525717710264
1.8453609943389893,99,35,1.1568928345745992,0,93198,47829,3439,17625,9120,11069,4708,4609,21.752929687500004,12.071581135555675,13.965525717710264
1.9499940872192383,74,35,1.1568928345745992,0,93198,47829,3439,17625,9120,11069,4708,4609,16.259765625,12.071581135555675,13.965525717710264
2.054302930831909,146,35,0.9810146963476197,0,93198,47829,3439,17625,9120,11069,4708,4609,32.08007812500001,14.82508513766606,14.54362639465508
2.158550977706909,-263,35,0.9810146963476197,0,93198,47829,3439,17625,9120,11069,4708,4609,-57.78808593750001,14.82508513766606,14.54362639465508
2.2593538761138916,57,35,0.9810146963476197,0,93198,47829,3439,17625,9120,11069,4708,4609,12.524414062500002,14.82508513766606,14.54362639465508
2.361032009124756,27,35,0.9810146963476197,0,93198,47829,3439,17625,9120,11069,4708,4609,5.932617187500001,14.82508513766606,14.54362639465508
2.462280035018921,103,35,0.9810146963476197,0,93198,47829,3439,17625,9120,11069,4708,4609,22.6318359375,14.82508513766606,14.54362639465508
2.567456007003784,101,35,0.9810146963476197,0,93198,47829,3439,17625,9120,11069,4708,4609,22.192382812500004,14.82508513766606,14.54362639465508
2.670330762863159,73,51,0.9810146963476197,0,105482,23227,9917,7278,4422,3895,1841,2645,16.040039062500004,14.82508513766606,14.54362639465508
2.7741661071777344,67,51,0.9810146963476197,0,105482,23227,9917,7278,4422,3895,1841,2645,14.721679687500002,14.82508513766606,14.54362639465508
2.8791959285736084,37,51,0.9810146963476197,0,105482,23227,9917,7278,4422,3895,1841,2645,8.1298828125,14.82508513766606,14.54362639465508
2.9834539890289307,69,51,0.9810146963476197,0,105482,23227,9917,7278,4422,3895,1841,2645,15.1611328125,14.82508513766606,14.54362639465508
3.087578773498535,6,51,0.33281703188296446,0,105482,23227,9917,7278,4422,3895,1841,2645,1.318359375,31.79700935276644,10.582586275542587
3.191614866256714,33,51,0.33281703188296446,0,105482,23227,9917,7278,4422,3895,1841,2645,7.2509765625,31.79700935276644,10.582586275542587
3.296565055847168,45,51,0.33281703188296446,0,105482,23227,9917,7278,4422,3895,1841,2645,9.8876953125,31.79700935276644,10.582586275542587
3.4006447792053223,55,51,0.33281703188296446,0,105482,23227,9917,7278,4422,3895,1841,2645,12.0849609375,31.79700935276644,10.582586275542587
3.5060088634490967,58,51,0.33281703188296446,0,105482,23227,9917,7278,4422,3895,1841,2645,12.744140625,31.79700935276644,10.582586275542587
3.60674786567688,-265,78,0.33281703188296446,0,25942,19416,8897,8386,4513,5762,4397,1323,-58.2275390625,31.79700935276644,10.582586275542587
3.7095298767089844,-235,78,0.33281703188296446,0,25942,19416,8897,8386,4513,5762,4397,1323,-51.6357421875,31.79700935276644,10.582586275542587
3.8126769065856934,-210,78,0.33281703188296446,0,25942,19416,8897,8386,4513,5762,4397,1323,-46.142578125,31.79700935276644,10.582586275542587
3.918477773666382,-108,78,0.33281703188296446,0,25942,19416,8897,8386,4513,5762,4397,1323,-23.730468750000004,31.79700935276644,10.582586275542587
4.021583795547485,183,78,0.33281703188296446,0,25942,19416,8897,8386,4513,5762,4397,1323,40.2099609375,31.79700935276644,10.582586275542587
4.123111009597778,337,78,3.000148238601399,0,25942,19416,8897,8386,4513,5762,4397,1323,74.0478515625,7.0836374032062865,21.251962278120327
4.227940797805786,-261,78,3.000148238601399,0,25942,19416,8897,8386,4513,5762,4397,1323,-57.3486328125,7.0836374032062865,21.251962278120327
4.328034162521362,120,78,3.000148238601399,0,25942,19416,8897,8386,4513,5762,4397,1323,26.3671875,7.0836374032062865,21.251962278120327
4.42899489402771,147,78,3.000148238601399,0,25942,19416,8897,8386,4513,5762,4397,1323,32.2998046875,7.0836374032062865,21.251962278120327
4.5329749584198,123,78,3.000148238601399,0,25942,19416,8897,8386,4513,5762,4397,1323,27.0263671875,7.0836374032062865,21.251962278120327
4.635030031204224,66,88,3.000148238601399,0,1519520,883004,58641,85488,235588,91954,35149,50257,14.501953125,7.0836374032062865,21.251962278120327
4.736217737197876,27,88,3.000148238601399,0,1519520,883004,58641,85488,235588,91954,35149,50257,5.932617187500001,7.0836374032062865,21.251962278120327
4.8382227420806885,59,88,3.000148238601399,0,1519520,883004,58641,85488,235588,91954,35149,50257,12.9638671875,7.0836374032062865,21.251962278120327
4.941945791244507,75,88,3.000148238601399,0,1519520,883004,58641,85488,235588,91954,35149,50257,16.4794921875,7.0836374032062865,21.251962278120327
5.044302940368652,25,88,3.000148238601399,0,1519520,883004,58641,85488,235588,91954,35149,50257,5.4931640625,7.0836374032062865,21.251962278120327
5.14802885055542,76,88,0.4705412764497749,0,1519520,883004,58641,85488,235588,91954,35149,50257,16.69921875,9.190782938994193,4.324642735687141
5.249254941940308,103,88,0.4705412764497749,0,1519520,883004,58641,85488,235588,91954,35149,50257,22.6318359375,9.190782938994193,4.324642735687141
5.353132009506226,59,88,0.4705412764497749,0,1519520,883004,58641,85488,235588,91954,35149,50257,12.9638671875,9.190782938994193,4.324642735687141
5.456029891967773,88,88,0.4705412764497749,0,1519520,883004,58641,85488,235588,91954,35149,50257,19.3359375,9.190782938994193,4.324642735687141
5.55977988243103,45,88,0.4705412764497749,0,1519520,883004,58641,85488,235588,91954,35149,50257,9.8876953125,9.190782938994193,4.324642735687141
5.665420770645142,-1,93,0.4705412764497749,0,8209,8386,29416,10413,4039,9159,7908,7763,-0.2197265625,9.190782938994193,4.324642735687141
5.769509792327881,27,93,0.4705412764497749,0,8209,8386,29416,10413,4039,9159,7908,7763,5.932617187500001,9.190782938994193,4.324642735687141
5.873926877975464,44,93,0.4705412764497749,0,8209,8386,29416,10413,4039,9159,7908,7763,9.66796875,9.190782938994193,4.324642735687141
5.977664947509766,87,93,0.4705412764497749,0,8209,8386,29416,10413,4039,9159,7908,7763,19.1162109375,9.190782938994193,4.324642735687141
6.080446004867554,17,93,0.4705412764497749,0,8209,8386,29416,10413,4039,9159,7908,7763,3.7353515625000004,9.190782938994193,4.324642735687141
6.182034969329834,75,93,0.3482204035126119,0,8209,8386,29416,10413,4039,9159,7908,7763,16.4794921875,7.713298307470826,2.6859278490406373
6.286657094955444,65,93,0.3482204035126119,0,8209,8386,29416,10413,4039,9159,7908,7763,14.2822265625,7.713298307470826,2.6859278490406373
6.389594793319702,69,93,0.3482204035126119,0,8209,8386,29416,10413,4039,9159,7908,7763,15.1611328125,7.713298307470826,2.6859278490406373
6.492640972137451,27,93,0.3482204035126119,0,8209,8386,29416,10413,4039,9159,7908,7763,5.932617187500001,7.713298307470826,2.6859278490406373
6.593724966049194,98,93,0.3482204035126119,0,8209,8386,29416,10413,4039,9159,7908,7763,21.533203125,7.713298307470826,2.6859278490406373
6.6945250034332275,-8,100,0.3482204035126119,0,4171,31288,6617,11932,7297,13296,28516,4331,-1.7578125,7.713298307470826,2.6859278490406373
6.795409917831421,50,100,0.3482204035126119,0,4171,31288,6617,11932,7297,13296,28516,4331,10.986328125,7.713298307470826,2.6859278490406373
6.898019790649414,16,100,0.3482204035126119,0,4171,31288,6617,11932,7297,13296,28516,4331,3.515625,7.713298307470826,2.6859278490406373
6.998140811920166,41,100,0.3482204035126119,0,4171,31288,6617,11932,7297,13296,28516,4331,9.008789062499998,7.713298307470826,2.6859278490406373
7.102518081665039,67,100,0.3482204035126119,0,4171,31288,6617,11932,7297,13296,28516,4331,14.721679687500002,7.713298307470826,2.6859278490406373
7.206579923629761,69,100,0.59603566191539,0,4171,31288,6617,11932,7297,13296,28516,4331,15.1611328125,8.371954874613158,4.98998366521583
7.308429718017578,54,100,0.59603566191539,0,4171,31288,6617,11932,7297,13296,28516,4331,11.865234375000002,8.371954874613158,4.98998366521583
7.409853935241699,64,100,0.59603566191539,0,4171,31288,6617,11932,7297,13296,28516,4331,14.0625,8.371954874613158,4.98998366521583
7.510235786437988,6,100,0.59603566191539,0,4171,31288,6617,11932,7297,13296,28516,4331,1.318359375,8.371954874613158,4.98998366521583
7.613767862319946,85,100,0.59603566191539,0,3382,41234,21164,19336,8429,16350,11231,4836,18.6767578125,8.371954874613158,4.98998366521583
7.71453070640564,66,100,0.59603566191539,0,3382,41234,21164,19336,8429,16350,11231,4836,14.501953125,8.371954874613158,4.98998366521583
7.818506956100464,12,100,0.59603566191539,0,3382,41234,21164,19336,8429,16350,11231,4836,2.63671875,8.371954874613158,4.98998366521583
7.9186179637908936,18,100,0.59603566191539,0,3382,41234,21164,19336,8429,16350,11231,4836,3.955078125,8.371954874613158,4.98998366521583
8.021975040435791,-4,100,0.59603566191539,0,3382,41234,21164,19336,8429,16350,11231,4836,-0.87890625,8.371954874613158,4.98998366521583
8.126375913619995,-44,100,0.59603566191539,0,3382,41234,21164,19336,8429,16350,11231,4836,-9.66796875,8.371954874613158,4.98998366521583
8.230546951293945,54,100,0.8001781982564022,0,3382,41234,21164,19336,8429,16350,11231,4836,11.865234375000002,11.11633038637951,8.895045219796051
8.335231065750122,73,100,0.8001781982564022,0,3382,41234,21164,19336,8429,16350,11231,4836,16.040039062500004,11.11633038637951,8.895045219796051
8.438876867294312,183,100,0.8001781982564022,0,3382,41234,21164,19336,8429,16350,11231,4836,40.2099609375,11.11633038637951,8.895045219796051
8.541926860809326,-14,100,0.8001781982564022,0,3382,41234,21164,19336,8429,16350,11231,4836,-3.076171875,11.11633038637951,8.895045219796051
8.642705917358398,162,96,0.8001781982564022,0,594864,93750,26582,4985,10446,6356,1617,3543,35.595703125,11.11633038637951,8.895045219796051
8.747754096984863,103,96,0.8001781982564022,0,594864,93750,26582,4985,10446,6356,1617,3543,22.6318359375,11.11633038637951,8.895045219796051
8.8523588180542,27,96,0.8001781982564022,0,594864,93750,26582,4985,10446,6356,1617,3543,5.932617187500001,11.11633038637951,8.895045219796051
8.95527195930481,81,96,0.8001781982564022,0,594864,93750,26582,4985,10446,6356,1617,3543,17.7978515625,11.11633038637951,8.895045219796051
9.056822061538696,57,96,0.8001781982564022,0,594864,93750,26582,4985,10446,6356,1617,3543,12.524414062500002,11.11633038637951,8.895045219796051
9.159657001495361,24,96,0.8001781982564022,0,594864,93750,26582,4985,10446,6356,1617,3543,5.2734375,11.11633038637951,8.895045219796051
9.26026177406311,-29,96,0.8614749537282531,0,594864,93750,26582,4985,10446,6356,1617,3543,-6.3720703125,6.543491098077659,5.637053690937687
9.361230850219727,80,96,0.8614749537282531,0,594864,93750,26582,4985,10446,6356,1617,3543,17.578125,6.543491098077659,5.637053690937687
9.465662956237793,117,96,0.8614749537282531,0,594864,93750,26582,4985,10446,6356,1617,3543,25.708007812499996,6.543491098077659,5.637053690937687
9.568773984909058,41,96,0.8614749537282531,0,594864,93750,26582,4985,10446,6356,1617,3543,9.008789062499998,6.543491098077659,5.637053690937687
9.673105001449585,41,97,0.8614749537282531,0,28904,23422,4458,9380,6358,12239,8174,9323,9.008789062499998,6.543491098077659,5.637053690937687
9.776817798614502,20,97,0.8614749537282531,0,28904,23422,4458,9380,6358,12239,8174,9323,4.39453125,6.543491098077659,5.637053690937687
9.880891799926758,17,97,0.8614749537282531,0,28904,23422,4458,9380,6358,12239,8174,9323,3.7353515625000004,6.543491098077659,5.637053690937687
9.986057996749878,50,97,0.8614749537282531,0,28904,23422,4458,9380,6358,12239,8174,9323,10.986328125,6.543491098077659,5.637053690937687
10.08915901184082,54,97,0.8614749537282531,0,28904,23422,4458,9380,6358,12239,8174,9323,11.865234375000002,6.543491098077659,5.637053690937687
10.192852020263672,59,97,0.8614749537282531,0,28904,23422,4458,9380,6358,12239,8174,9323,12.9638671875,6.543491098077659,5.637053690937687
10.295246839523315,8,97,0.4759459170382929,0,28904,23422,4458,9380,6358,12239,8174,9323,1.7578125,6.834403965508841,3.252806662774251
10.397204875946045,27,97,0.4759459170382929,0,28904,23422,4458,9380,6358,12239,8174,9323,5.932617187500001,6.834403965508841,3.252806662774251
10.499958992004395,34,97,0.4759459170382929,0,28904,23422,4458,9380,6358,12239,8174,9323,7.470703125000001,6.834403965508841,3.252806662774251
10.604474782943726,71,97,0.4759459170382929,0,10827,17740,6647,7891,4769,9693,9184,5358,15.6005859375,6.834403965508841,3.252806662774251
10.706291913986206,71,97,0.4759459170382929,0,10827,17740,6647,7891,4769,9693,9184,5358,15.6005859375,6.834403965508841,3.252806662774251
10.80936598777771,50,97,0.4759459170382929,0,10827,17740,6647,7891,4769,9693,9184,5358,10.986328125,6.834403965508841,3.252806662774251
10.912682056427002,51,97,0.4759459170382929,0,10827,17740,6647,7891,4769,9693,9184,5358,11.206054687499998,6.834403965508841,3.252806662774251
11.016112804412842,74,97,0.4759459170382929,0,10827,17740,6647,7891,4769,9693,9184,5358,16.259765625,6.834403965508841,3.252806662774251
11.119588851928711,-3,97,0.4759459170382929,0,10827,17740,6647,7891,4769,9693,9184,5358,-0.6591796875,6.834403965508841,3.252806662774251
11.2236328125,74,97,0.4759459170382929,0,10827,17740,6647,7891,4769,9693,9184,5358,16.259765625,6.834403965508841,3.252806662774251
11.326518058776855,26,97,1.0880761883480077,0,10827,17740,6647,7891,4769,9693,9184,5358,5.712890625,3.707549856533898,4.034096716007606
11.427336931228638,45,97,1.0880761883480077,0,10827,17740,6647,7891,4769,9693,9184,5358,9.8876953125,3.707549856533898,4.034096716007606
11.527721881866455,18,97,1.0880761883480077,0,10827,17740,6647,7891,4769,9693,9184,5358,3.955078125,3.707549856533898,4.034096716007606
11.632668018341064,77,100,1.0880761883480077,0,2844,4443,5275,7808,6430,10029,12327,6127,16.9189453125,3.707549856533898,4.034096716007606
11.736331939697266,58,100,1.0880761883480077,0,2844,4443,5275,7808,6430,10029,12327,6127,12.744140625,3.707549856533898,4.034096716007606
11.838992834091187,81,100,1.0880761883480077,0,2844,4443,5275,7808,6430,10029,12327,6127,17.7978515625,3.707549856533898,4.034096716007606
11.93946886062622,-8,100,1.0880761883480077,0,2844,4443,5275,7808,6430,10029,12327,6127,-1.7578125,3.707549856533898,4.034096716007606
12.043323993682861,30,100,1.0880761883480077,0,2844,4443,5275,7808,6430,10029,12327,6127,6.591796875,3.707549856533898,4.034096716007606
12.147458791732788,91,100,1.0880761883480077,0,2844,4443,5275,7808,6430,10029,12327,6127,19.9951171875,3.707549856533898,4.034096716007606
12.248410940170288,69,100,1.0880761883480077,0,2844,4443,5275,7808,6430,10029,12327,6127,15.1611328125,3.707549856533898,4.034096716007606
12.352454900741577,34,100,0.6203044091164974,0,2844,4443,5275,7808,6430,10029,12327,6127,7.470703125000001,9.37055616567501,5.812597305441989
12.453329801559448,27,100,0.6203044091164974,0,2844,4443,5275,7808,6430,10029,12327,6127,5.932617187500001,9.37055616567501,5.812597305441989
12.554742097854614,65,100,0.6203044091164974,0,2844,4443,5275,7808,6430,10029,12327,6127,14.2822265625,9.37055616567501,5.812597305441989
12.65716004371643,91,100,0.6203044091164974,0,7310,7009,4123,24357,11206,19014,3676,6151,19.9951171875,9.37055616567501,5.812597305441989
12.75736403465271,49,100,0.6203044091164974,0,7310,7009,4123,24357,11206,19014,3676,6151,10.7666015625,9.37055616567501,5.812597305441989
12.86073088645935,42,100,0.6203044091164974,0,7310,7009,4123,24357,11206,19014,3676,6151,9.228515625000002,9.37055616567501,5.812597305441989
12.964468955993652,23,100,0.6203044091164974,0,7310,7009,4123,24357,11206,19014,3676,6151,5.0537109375,9.37055616567501,5.812597305441989
13.068886995315552,193,100,0.6203044091164974,0,7310,7009,4123,24357,11206,19014,3676,6151,42.40722656250001,9.37055616567501,5.812597305441989
13.173303842544556,82,100,0.6203044091164974,0,7310,7009,4123,24357,11206,19014,3676,6151,18.017578124999996,9.37055616567501,5.812597305441989
13.276118040084839,57,100,0.6203044091164974,0,7310,7009,4123,24357,11206,19014,3676,6151,12.524414062500002,9.37055616567501,5.812597305441989
13.38078784942627,91,100,0.5689546130102844,0,7310,7009,4123,24357,11206,19014,3676,6151,19.9951171875,7.071076221424146,4.023121435126599
13.484523057937622,28,100,0.5689546130102844,0,7310,7009,4123,24357,11206,19014,3676,6151,6.15234375,7.071076221424146,4.023121435126599
13.589073896408081,41,100,0.5689546130102844,0,7310,7009,4123,24357,11206,19014,3676,6151,9.008789062499998,7.071076221424146,4.023121435126599
13.693203926086426,81,100,0.5689546130102844,0,3930,11184,12681,4850,4629,13250,6564,6311,17.7978515625,7.071076221424146,4.023121435126599
13.797205924987793,34,100,0.5689546130102844,0,3930,11184,12681,4850,4629,13250,6564,6311,7.470703125000001,7.071076221424146,4.023121435126599
13.902130842208862,62,100,0.5689546130102844,0,3930,11184,12681,4850,4629,13250,6564,6311,13.623046875,7.071076221424146,4.023121435126599
14.005029916763306,28,100,0.5689546130102844,0,3930,11184,12681,4850,4629,13250,6564,6311,6.15234375,7.071076221424146,4.023121435126599
14.106836080551147,-23,100,0.5689546130102844,0,3930,11184,12681,4850,4629,13250,6564,6311,-5.0537109375,7.071076221424146,4.023121435126599
14.210152864456177,33,100,0.5689546130102844,0,3930,11184,12681,4850,4629,13250,6564,6311,7.2509765625,7.071076221424146,4.023121435126599
14.31455683708191,53,100,0.5689546130102844,0,3930,11184,12681,4850,4629,13250,6564,6311,11.645507812500002,7.071076221424146,4.023121435126599
14.41911792755127,22,100,0.9119439957037875,0,3930,11184,12681,4850,4629,13250,6564,6311,4.833984375,17.284924885101073,15.762883465158902
14.523283004760742,42,100,0.9119439957037875,0,3930,11184,12681,4850,4629,13250,6564,6311,9.228515625000002,17.284924885101073,15.762883465158902
14.628315925598145,32,100,0.9119439957037875,0,22368,20530,7794,16071,10543,6142,3832,6251,7.03125,17.284924885101073,15.762883465158902
14.73353385925293,145,100,0.9119439957037875,0,22368,20530,7794,16071,10543,6142,3832,6251,31.8603515625,17.284924885101073,15.762883465158902
14.837162971496582,81,100,0.9119439957037875,0,22368,20530,7794,16071,10543,6142,3832,6251,17.7978515625,17.284924885101073,15.762883465158902
14.940938949584961,135,100,0.9119439957037875,0,22368,20530,7794,16071,10543,6142,3832,6251,29.6630859375,17.284924885101073,15.762883465158902
15.047116756439209,68,100,0.9119439957037875,0,22368,20530,7794,16071,10543,6142,3832,6251,14.941406250000002,17.284924885101073,15.762883465158902
15.149688720703125,20,100,0.9119439957037875,0,22368,20530,7794,16071,10543,6142,3832,6251,4.39453125,17.284924885101073,15.762883465158902
15.25244688987732,233,100,0.9119439957037875,0,22368,20530,7794,16071,10543,6142,3832,6251,51.19628906250001,17.284924885101073,15.762883465158902
15.357293128967285,-225,100,0.9119439957037875,0,22368,20530,7794,16071,10543,6142,3832,6251,-49.4384765625,17.284924885101073,15.762883465158902
15.462877988815308,83,100,0.8648188857728525,0,22368,20530,7794,16071,10543,6142,3832,6251,18.2373046875,6.457394946056982,5.584477102244248
15.564168930053711,73,100,0.8648188857728525,0,22368,20530,7794,16071,10543,6142,3832,6251,16.040039062500004,6.457394946056982,5.584477102244248
15.667923927307129,68,70,0.8648188857728525,0,1814383,843582,61137,64077,48988,19541,14672,12161,14.941406250000002,6.457394946056982,5.584477102244248
15.768063068389893,72,70,0.8648188857728525,0,1814383,843582,61137,64077,48988,19541,14672,12161,15.8203125,6.457394946056982,5.584477102244248
15.869563817977905,80,70,0.8648188857728525,0,1814383,843582,61137,64077,48988,19541,14672,12161,17.578125,6.457394946056982,5.584477102244248
15.969770908355713,59,70,0.8648188857728525,0,1814383,843582,61137,64077,48988,19541,14672,12161,12.9638671875,6.457394946056982,5.584477102244248
16.07194972038269,27,70,0.8648188857728525,0,1814383,843582,61137,64077,48988,19541,14672,12161,5.932617187500001,6.457394946056982,5.584477102244248
16.176887035369873,39,70,0.8648188857728525,0,1814383,843582,61137,64077,48988,19541,14672,12161,8.5693359375,6.457394946056982,5.584477102244248
16.278724908828735,141,70,0.8648188857728525,0,1814383,843582,61137,64077,48988,19541,14672,12161,30.981445312500004,6.457394946056982,5.584477102244248
16.383322954177856,9,70,0.8648188857728525,0,1814383,843582,61137,64077,48988,19541,14672,12161,1.9775390625,6.457394946056982,5.584477102244248
16.488252878189087,34,70,0.452326092874626,0,1814383,843582,61137,64077,48988,19541,14672,12161,7.470703125000001,4.3902370204554115,1.9858187582561357
16.590166091918945,50,70,0.452326092874626,0,1814383,843582,61137,64077,48988,19541,14672,12161,10.986328125,4.3902370204554115,1.9858187582561357
16.6947238445282,68,57,0.452326092874626,0,51305,6063,1526,1698,3342,1977,2212,1642,14.941406250000002,4.3902370204554115,1.9858187582561357
16.7984938621521,9,57,0.452326092874626,0,51305,6063,1526,1698,3342,1977,2212,1642,1.9775390625,4.3902370204554115,1.9858187582561357
16.901275873184204,26,57,0.452326092874626,0,51305,6063,1526,1698,3342,1977,2212,1642,5.712890625,4.3902370204554115,1.9858187582561357
17.00564479827881,19,57,0.452326092874626,0,51305,6063,1526,1698,3342,1977,2212,1642,4.1748046875,4.3902370204554115,1.9858187582561357
17.108369827270508,25,57,0.452326092874626,0,51305,6063,1526,1698,3342,1977,2212,1642,5.4931640625,4.3902370204554115,1.9858187582561357
17.21237301826477,32,57,0.452326092874626,0,51305,6063,1526,1698,3342,1977,2212,1642,7.03125,4.3902370204554115,1.9858187582561357
17.315690994262695,38,57,0.452326092874626,0,51305,6063,1526,1698,3342,1977,2212,1642,8.349609375,4.3902370204554115,1.9858187582561357
17.419684886932373,19,57,0.452326092874626,0,51305,6063,1526,1698,3342,1977,2212,1642,4.1748046875,4.3902370204554115,1.9858187582561357
17.523942947387695,29,57,0.5811320632419084,0,51305,6063,1526,1698,3342,1977,2212,1642,6.3720703125,5.192765070668312,3.0176822794479903
17.627128839492798,17,54,0.5811320632419084,0,15480,9814,4741,14927,8407,9754,7205,5670,3.7353515625000004,5.192765070668312,3.0176822794479903
17.730918884277344,43,54,0.5811320632419084,0,15480,9814,4741,14927,8407,9754,7205,5670,9.448242187500002,5.192765070668312,3.0176822794479903
17.83343005180359,49,54,0.5811320632419084,0,15480,9814,4741,14927,8407,9754,7205,5670,10.7666015625,5.192765070668312,3.0176822794479903
17.936972856521606,66,54,0.5811320632419084,0,15480,9814,4741,14927,8407,9754,7205,5670,14.501953125,5.192765070668312,3.0176822794479903
18.04147982597351,7,54,0.5811320632419084,0,15480,9814,4741,14927,8407,9754,7205,5670,1.5380859375,5.192765070668312,3.0176822794479903
18.144473791122437,68,54,0.5811320632419084,0,15480,9814,4741,14927,8407,9754,7205,5670,14.941406250000002,5.192765070668312,3.0176822794479903
18.248342990875244,27,54,0.5811320632419084,0,15480,9814,4741,14927,8407,9754,7205,5670,5.932617187500001,5.192765070668312,3.0176822794479903
18.350672960281372,76,54,0.5811320632419084,0,15480,9814,4741,14927,8407,9754,7205,5670,16.69921875,5.192765070668312,3.0176822794479903
18.45384192466736,80,54,0.5811320632419084,0,15480,9814,4741,14927,8407,9754,7205,5670,17.578125,5.192765070668312,3.0176822794479903
18.55643892288208,38,54,0.5589148334098644,0,15480,9814,4741,14927,8407,9754,7205,5670,8.349609375,7.577367544600111,4.235103118875484
18.659219980239868,92,70,0.5589148334098644,0,35032,10971,9625,6774,11294,16439,6721,11074,20.21484375,7.577367544600111,4.235103118875484
18.763001918792725,-33,70,0.5589148334098644,0,35032,10971,9625,6774,11294,16439,6721,11074,-7.2509765625,7.577367544600111,4.235103118875484
18.864224910736084,23,70,0.5589148334098644,0,35032,10971,9625,6774,11294,16439,6721,11074,5.0537109375,7.577367544600111,4.235103118875484
18.964555978775024,7,70,0.5589148334098644,0,35032,10971,9625,6774,11294,16439,6721,11074,1.5380859375,7.577367544600111,4.235103118875484
19.067703008651733,6,70,0.5589148334098644,0,35032,10971,9625,6774,11294,16439,6721,11074,1.318359375,7.577367544600111,4.235103118875484
19.16814088821411,81,70,0.5589148334098644,0,35032,10971,9625,6774,11294,16439,6721,11074,17.7978515625,7.577367544600111,4.235103118875484
19.272206783294678,26,70,0.5589148334098644,0,35032,10971,9625,6774,11294,16439,6721,11074,5.712890625,7.577367544600111,4.235103118875484
19.37262272834778,26,70,0.5589148334098644,0,35032,10971,9625,6774,11294,16439,6721,11074,5.712890625,7.577367544600111,4.235103118875484
19.4770770072937,90,70,0.5589148334098644,0,35032,10971,9625,6774,11294,16439,6721,11074,19.775390625,7.577367544600111,4.235103118875484
19.580241918563843,19,70,1.019289210763247,0,35032,10971,9625,6774,11294,16439,6721,11074,4.1748046875,7.249729447778804,7.389571007073528
19.682358026504517,122,100,1.019289210763247,0,19852,29688,6720,10878,24795,10632,18054,8431,26.806640625,7.249729447778804,7.389571007073528
19.78526282310486,-38,100,1.019289210763247,0,19852,29688,6720,10878,24795,10632,18054,8431,-8.349609375,7.249729447778804,7.389571007073528
19.88591480255127,186,100,1.019289210763247,0,19852,29688,6720,10878,24795,10632,18054,8431,40.869140625,7.249729447778804,7.389571007073528
19.989537000656128,-97,100,1.019289210763247,0,19852,29688,6720,10878,24795,10632,18054,8431,-21.3134765625,7.249729447778804,7.389571007073528
20.08962368965149,32,100,1.019289210763247,0,19852,29688,6720,10878,24795,10632,18054,8431,7.03125,7.249729447778804,7.389571007073528
20.190776824951172,0,100,1.019289210763247,0,19852,29688,6720,10878,24795,10632,18054,8431,0.0,7.249729447778804,7.389571007073528
20.29400396347046,48,100,1.019289210763247,0,19852,29688,6720,10878,24795,10632,18054,8431,10.546875,7.249729447778804,7.389571007073528
20.398303985595703,21,100,1.019289210763247,0,19852,29688,6720,10878,24795,10632,18054,8431,4.614257812500001,7.249729447778804,7.389571007073528
20.502903699874878,32,100,1.019289210763247,0,19852,29688,6720,10878,24795,10632,18054,8431,7.03125,7.249729447778804,7.389571007073528
20.606575965881348,39,100,0.5050676177922586,0,317618,19275,1999,4263,11013,6100,4767,7037,8.5693359375,10.992156515490768,5.551782305678576
20.71179699897766,98,100,0.5050676177922586,0,317618,19275,1999,4263,11013,6100,4767,7037,21.533203125,10.992156515490768,5.551782305678576
20.815938711166382,-6,100,0.5050676177922586,0,317618,19275,1999,4263,11013,6100,4767,7037,-1.318359375,10.992156515490768,5.551782305678576
20.920966863632202,75,100,0.5050676177922586,0,317618,19275,1999,4263,11013,6100,4767,7037,16.4794921875,10.992156515490768,5.551782305678576
21.024430751800537,75,100,0.5050676177922586,0,317618,19275,1999,4263,11013,6100,4767,7037,16.4794921875,10.992156515490768,5.551782305678576
21.126905918121338,-44,100,0.5050676177922586,0,317618,19275,1999,4263,11013,6100,4767,7037,-9.66796875,10.992156515490768,5.551782305678576
21.228237867355347,-33,100,0.5050676177922586,0,317618,19275,1999,4263,11013,6100,4767,7037,-7.2509765625,10.992156515490768,5.551782305678576
21.332489013671875,-4,100,0.5050676177922586,0,317618,19275,1999,4263,11013,6100,4767,7037,-0.87890625,10.992156515490768,5.551782305678576
21.432920932769775,61,100,0.5050676177922586,0,317618,19275,1999,4263,11013,6100,4767,7037,13.4033203125,10.992156515490768,5.551782305678576
21.535515785217285,114,100,0.5050676177922586,0,317618,19275,1999,4263,11013,6100,4767,7037,25.048828125000004,10.992156515490768,5.551782305678576
21.635926961898804,160,77,0.42518825290479795,0,645039,533789,20295,91179,73655,28881,20007,8827,35.15625,15.503555417397289,6.591929641735868
21.736156940460205,116,77,0.42518825290479795,0,645039,533789,20295,91179,73655,28881,20007,8827,25.48828125,15.503555417397289,6.591929641735868
21.84014391899109,169,77,0.42518825290479795,0,645039,533789,20295,91179,73655,28881,20007,8827,37.13378906249999,15.503555417397289,6.591929641735868
21.942690134048462,16,77,0.42518825290479795,0,645039,533789,20295,91179,73655,28881,20007,8827,3.515625,15.503555417397289,6.591929641735868
22.044703006744385,76,77,0.42518825290479795,0,645039,533789,20295,91179,73655,28881,20007,8827,16.69921875,15.503555417397289,6.591929641735868
22.149580717086792,92,77,0.42518825290479795,0,645039,533789,20295,91179,73655,28881,20007,8827,20.21484375,15.503555417397289,6.591929641735868
22.252994060516357,-3,77,0.42518825290479795,0,645039,533789,20295,91179,73655,28881,20007,8827,-0.6591796875,15.503555417397289,6.591929641735868
22.354326009750366,9,77,0.42518825290479795,0,645039,533789,20295,91179,73655,28881,20007,8827,1.9775390625,15.503555417397289,6.591929641735868
22.454612970352173,58,77,0.42518825290479795,0,645039,533789,20295,91179,73655,28881,20007,8827,12.744140625,15.503555417397289,6.591929641735868
22.557919025421143,22,77,0.42518825290479795,0,645039,533789,20295,91179,73655,28881,20007,8827,4.833984375,15.503555417397289,6.591929641735868
22.66245985031128,50,64,0.8858394119559835,0,233115,75985,6277,20401,8015,25462,5445,17365,10.986328125,11.669925971833713,10.337680360459036
22.767231941223145,50,64,0.8858394119559835,0,233115,75985,6277,20401,8015,25462,5445,17365,10.986328125,11.669925971833713,10.337680360459036
22.871809005737305,-76,64,0.8858394119559835,0,233115,75985,6277,20401,8015,25462,5445,17365,-16.69921875,11.669925971833713,10.337680360459036
22.974972009658813,-76,64,0.8858394119559835,0,233115,75985,6277,20401,8015,25462,5445,17365,-16.69921875,11.669925971833713,10.337680360459036
23.078144073486328,168,64,0.8858394119559835,0,233115,75985,6277,20401,8015,25462,5445,17365,36.91406250000001,11.669925971833713,10.337680360459036
23.179660081863403,-2,64,0.8858394119559835,0,233115,75985,6277,20401,8015,25462,5445,17365,-0.439453125,11.669925971833713,10.337680360459036
23.283387899398804,43,64,0.8858394119559835,0,233115,75985,6277,20401,8015,25462,5445,17365,9.448242187500002,11.669925971833713,10.337680360459036
23.385969877243042,65,64,0.8858394119559835,0,233115,75985,6277,20401,8015,25462,5445,17365,14.2822265625,11.669925971833713,10.337680360459036
23.486873865127563,52,64,0.8858394119559835,0,233115,75985,6277,20401,8015,25462,5445,17365,11.42578125,11.669925971833713,10.337680360459036
23.591327905654907,138,64,0.8858394119559835,0,233115,75985,6277,20401,8015,25462,5445,17365,30.322265625,11.669925971833713,10.337680360459036
23.69418692588806,-101,41,0.45486245420206317,0,750212,545173,116138,68866,73855,24643,14321,8673,-22.192382812500004,15.425002191834864,7.0162543530502095
23.795063018798828,34,41,0.45486245420206317,0,750212,545173,116138,68866,73855,24643,14321,8673,7.470703125000001,15.425002191834864,7.0162543530502095
23.895290851593018,7,41,0.45486245420206317,0,750212,545173,116138,68866,73855,24643,14321,8673,1.5380859375,15.425002191834864,7.0162543530502095
23.99634099006653,167,41,0.45486245420206317,0,750212,545173,116138,68866,73855,24643,14321,8673,36.69433593750001,15.425002191834864,7.0162543530502095
24.09969687461853,86,41,0.45486245420206317,0,750212,545173,116138,68866,73855,24643,14321,8673,18.896484375000004,15.425002191834864,7.0162543530502095
24.205482006072998,82,41,0.45486245420206317,0,750212,545173,116138,68866,73855,24643,14321,8673,18.017578124999996,15.425002191834864,7.0162543530502095
24.307021856307983,59,41,0.45486245420206317,0,750212,545173,116138,68866,73855,24643,14321,8673,12.9638671875,15.425002191834864,7.0162543530502095
24.40895700454712,38,41,0.45486245420206317,0,750212,545173,116138,68866,73855,24643,14321,8673,8.349609375,15.425002191834864,7.0162543530502095
24.512542963027954,117,41,0.45486245420206317,0,750212,545173,116138,68866,73855,24643,14321,8673,25.708007812499996,15.425002191834864,7.0162543530502095
24.61453890800476,-30,29,0.45486245420206317,0,45863,17175,5160,6917,3017,2580,2553,2991,-6.591796875,15.425002191834864,7.0162543530502095
24.715893983840942,93,29,0.6450093625802841,0,45863,17175,5160,6917,3017,2580,2553,2991,20.4345703125,7.308875865309055,4.714293363061416
24.820526838302612,34,29,0.6450093625802841,0,45863,17175,5160,6917,3017,2580,2553,2991,7.470703125000001,7.308875865309055,4.714293363061416
24.923437118530273,83,29,0.6450093625802841,0,45863,17175,5160,6917,3017,2580,2553,2991,18.2373046875,7.308875865309055,4.714293363061416
25.02727198600769,91,29,0.6450093625802841,0,45863,17175,5160,6917,3017,2580,2553,2991,19.9951171875,7.308875865309055,4.714293363061416
25.131167888641357,123,29,0.6450093625802841,0,45863,17175,5160,6917,3017,2580,2553,2991,27.0263671875,7.308875865309055,4.714293363061416
25.235376834869385,25,29,0.6450093625802841,0,45863,17175,5160,6917,3017,2580,2553,2991,5.4931640625,7.308875865309055,4.714293363061416
25.337279081344604,82,29,0.6450093625802841,0,45863,17175,5160,6917,3017,2580,2553,2991,18.017578124999996,7.308875865309055,4.714293363061416
25.43810200691223,70,29,0.6450093625802841,0,45863,17175,5160,6917,3017,2580,2553,2991,15.380859375,7.308875865309055,4.714293363061416
25.541704893112183,43,29,0.6450093625802841,0,45863,17175,5160,6917,3017,2580,2553,2991,9.448242187500002,7.308875865309055,4.714293363061416
25.64384698867798,85,48,0.6450093625802841,0,19082,31550,10012,13699,10234,12380,4453,4931,18.6767578125,7.308875865309055,4.714293363061416
25.74601984024048,-4,48,1.2545854871470294,0,19082,31550,10012,13699,10234,12380,4453,4931,-0.87890625,4.609038866432917,5.782433271523334
25.84880805015564,97,48,1.2545854871470294,0,19082,31550,10012,13699,10234,12380,4453,4931,21.3134765625,4.609038866432917,5.782433271523334
25.95141887664795,50,48,1.2545854871470294,0,19082,31550,10012,13699,10234,12380,4453,4931,10.986328125,4.609038866432917,5.782433271523334
26.055611848831177,4,48,1.2545854871470294,0,19082,31550,10012,13699,10234,12380,4453,4931,0.87890625,4.609038866432917,5.782433271523334
26.156592845916748,98,48,1.2545854871470294,0,19082,31550,10012,13699,10234,12380,4453,4931,21.533203125,4.609038866432917,5.782433271523334
26.261456966400146,18,48,1.2545854871470294,0,19082,31550,10012,13699,10234,12380,4453,4931,3.955078125,4.609038866432917,5.782433271523334
26.362040758132935,74,48,1.2545854871470294,0,19082,31550,10012,13699,10234,12380,4453,4931,16.259765625,4.609038866432917,5.782433271523334
26.462320804595947,-3,48,1.2545854871470294,0,19082,31550,10012,13699,10234,12380,4453,4931,-0.6591796875,4.609038866432917,5.782433271523334
26.563472986221313,64,48,1.2545854871470294,0,19082,31550,10012,13699,10234,12380,4453,4931,14.0625,4.609038866432917,5.782433271523334
26.66394591331482,49,54,1.2545854871470294,0,30048,31778,2506,3252,8094,15571,10705,8314,10.7666015625,4.609038866432917,5.782433271523334
26.768194913864136,118,54,1.4613532660154027,0,30048,31778,2506,3252,8094,15571,10705,8314,10.7666015625,5.807155018733561,8.486304952884026
26.86824607849121,473,54,1.4613532660154027,0,30048,31778,2506,3252,8094,15571,10705,8314,10.7666015625,5.807155018733561,8.486304952884026
26.971170902252197,-219,54,1.4613532660154027,0,30048,31778,2506,3252,8094,15571,10705,8314,10.7666015625,5.807155018733561,8.486304952884026
27.074177980422974,7,54,1.4613532660154027,0,30048,31778,2506,3252,8094,15571,10705,8314,1.5380859375,5.807155018733561,8.486304952884026
27.174661874771118,53,54,1.4613532660154027,0,30048,31778,2506,3252,8094,15571,10705,8314,11.645507812500002,5.807155018733561,8.486304952884026
27.27763795852661,69,54,1.4613532660154027,0,30048,31778,2506,3252,8094,15571,10705,8314,15.1611328125,5.807155018733561,8.486304952884026
27.381293058395386,103,54,1.4613532660154027,0,30048,31778,2506,3252,8094,15571,10705,8314,22.6318359375,5.807155018733561,8.486304952884026
27.48316192626953,11,54,1.4613532660154027,0,30048,31778,2506,3252,8094,15571,10705,8314,2.4169921875,5.807155018733561,8.486304952884026
27.585027933120728,-20,54,1.4613532660154027,0,30048,31778,2506,3252,8094,15571,10705,8314,-4.39453125,5.807155018733561,8.486304952884026
27.68926477432251,168,64,1.4613532660154027,0,22586,28563,7939,6287,2188,3516,3729,1742,36.91406250000001,5.807155018733561,8.486304952884026
27.794156074523926,36,64,1.1044633152929484,0,22586,28563,7939,6287,2188,3516,3729,1742,7.91015625,4.734201426231601,5.2287518024803585
27.89702081680298,39,64,1.1044633152929484,0,22586,28563,7939,6287,2188,3516,3729,1742,8.5693359375,4.734201426231601,5.2287518024803585
27.998368978500366,74,64,1.1044633152929484,0,22586,28563,7939,6287,2188,3516,3729,1742,16.259765625,4.734201426231601,5.2287518024803585
28.099555730819702,19,64,1.1044633152929484,0,22586,28563,7939,6287,2188,3516,3729,1742,4.1748046875,4.734201426231601,5.2287518024803585
28.201735973358154,10,64,1.1044633152929484,0,22586,28563,7939,6287,2188,3516,3729,1742,2.197265625,4.734201426231601,5.2287518024803585
28.30497694015503,76,64,1.1044633152929484,0,22586,28563,7939,6287,2188,3516,3729,1742,16.69921875,4.734201426231601,5.2287518024803585
28.409530878067017,8,64,1.1044633152929484,0,22586,28563,7939,6287,2188,3516,3729,1742,1.7578125,4.734201426231601,5.2287518024803585
28.513882875442505,18,64,1.1044633152929484,0,22586,28563,7939,6287,2188,3516,3729,1742,3.955078125,4.734201426231601,5.2287518024803585
28.614454984664917,89,64,1.1044633152929484,0,327207,21952,4296,17617,3621,3751,9000,5633,19.5556640625,4.734201426231601,5.2287518024803585
28.715112924575806,38,64,1.1044633152929484,0,327207,21952,4296,17617,3621,3751,9000,5633,8.349609375,4.734201426231601,5.2287518024803585
28.81596803665161,50,64,0.5525131379083664,0,327207,21952,4296,17617,3621,3751,9000,5633,10.986328125,6.896298381951625,3.810295458964482
28.916855096817017,37,64,0.5525131379083664,0,327207,21952,4296,17617,3621,3751,9000,5633,8.1298828125,6.896298381951625,3.810295458964482
29.020276069641113,72,64,0.5525131379083664,0,327207,21952,4296,17617,3621,3751,9000,5633,15.8203125,6.896298381951625,3.810295458964482
29.12356686592102,90,64,0.5525131379083664,0,327207,21952,4296,17617,3621,3751,9000,5633,19.775390625,6.896298381951625,3.810295458964482
29.227353811264038,75,64,0.5525131379083664,0,327207,21952,4296,17617,3621,3751,9000,5633,16.4794921875,6.896298381951625,3.810295458964482
29.33045506477356,33,64,0.5525131379083664,0,327207,21952,4296,17617,3621,3751,9000,5633,7.2509765625,6.896298381951625,3.810295458964482
29.430856943130493,98,64,0.5525131379083664,0,327207,21952,4296,17617,3621,3751,9000,5633,21.533203125,6.896298381951625,3.810295458964482
29.535670042037964,56,64,0.5525131379083664,0,327207,21952,4296,17617,3621,3751,9000,5633,12.3046875,6.896298381951625,3.810295458964482
29.63856792449951,32,64,0.5525131379083664,0,650539,65363,19427,8452,4961,19184,10491,6064,7.03125,6.896298381951625,3.810295458964482
29.740886926651,65,64,0.5525131379083664,0,650539,65363,19427,8452,4961,19184,10491,6064,14.2822265625,6.896298381951625,3.810295458964482
29.841015815734863,26,64,0.2587909554621403,0,650539,65363,19427,8452,4961,19184,10491,6064,5.712890625,7.9809438250413995,2.0653960779721325
29.944387912750244,1,64,0.2587909554621403,0,650539,65363,19427,8452,4961,19184,10491,6064,0.2197265625,7.9809438250413995,2.0653960779721325
30.046586990356445,17,64,0.2587909554621403,0,650539,65363,19427,8452,4961,19184,10491,6064,3.7353515625000004,7.9809438250413995,2.0653960779721325
30.149926900863647,37,64,0.2587909554621403,0,650539,65363,19427,8452,4961,19184,10491,6064,8.1298828125,7.9809438250413995,2.0653960779721325
30.251549005508423,51,64,0.2587909554621403,0,650539,65363,19427,8452,4961,19184,10491,6064,11.206054687499998,7.9809438250413995,2.0653960779721325
30.3523530960083,60,64,0.2587909554621403,0,650539,65363,19427,8452,4961,19184,10491,6064,13.18359375,7.9809438250413995,2.0653960779721325
30.455570936203003,88,64,0.2587909554621403,0,650539,65363,19427,8452,4961,19184,10491,6064,19.3359375,7.9809438250413995,2.0653960779721325
30.558847904205322,27,64,0.2587909554621403,0,650539,65363,19427,8452,4961,19184,10491,6064,5.932617187500001,7.9809438250413995,2.0653960779721325
30.661210775375366,67,61,0.2587909554621403,0,11284,10442,14226,8156,8641,11482,5061,8056,14.721679687500002,7.9809438250413995,2.0653960779721325
30.767366886138916,34,61,0.2587909554621403,0,11284,10442,14226,8156,8641,11482,5061,8056,7.470703125000001,7.9809438250413995,2.0653960779721325
30.86962580680847,78,61,0.33583553900586394,0,11284,10442,14226,8156,8641,11482,5061,8056,17.138671875,8.540690624395351,2.868267439326141
30.972956895828247,74,61,0.33583553900586394,0,11284,10442,14226,8156,8641,11482,5061,8056,16.259765625,8.540690624395351,2.868267439326141
31.07580280303955,75,61,0.33583553900586394,0,11284,10442,14226,8156,8641,11482,5061,8056,16.4794921875,8.540690624395351,2.868267439326141
31.17715573310852,-6,61,0.33583553900586394,0,11284,10442,14226,8156,8641,11482,5061,8056,-1.318359375,8.540690624395351,2.868267439326141
31.27987790107727,25,61,0.33583553900586394,0,11284,10442,14226,8156,8641,11482,5061,8056,5.4931640625,8.540690624395351,2.868267439326141
31.381428956985474,55,61,0.33583553900586394,0,11284,10442,14226,8156,8641,11482,5061,8056,12.0849609375,8.540690624395351,2.868267439326141
31.486089944839478,68,61,0.33583553900586394,0,11284,10442,14226,8156,8641,11482,5061,8056,14.941406250000002,8.540690624395351,2.868267439326141
31.587182760238647,34,61,0.33583553900586394,0,11284,10442,14226,8156,8641,11482,5061,8056,7.470703125000001,8.540690624395351,2.868267439326141
31.687746047973633,84,75,0.33583553900586394,0,4956,32658,15417,13868,8980,16151,12843,3355,18.457031250000004,8.540690624395351,2.868267439326141
31.789954900741577,67,75,0.33583553900586394,0,4956,32658,15417,13868,8980,16151,12843,3355,14.721679687500002,8.540690624395351,2.868267439326141
31.890787839889526,87,75,0.43354457937565355,0,4956,32658,15417,13868,8980,16151,12843,3355,19.1162109375,12.677190949053289,5.496127417672151
31.992456912994385,59,75,0.43354457937565355,0,4956,32658,15417,13868,8980,16151,12843,3355,12.9638671875,12.677190949053289,5.496127417672151
32.09535789489746,13,75,0.43354457937565355,0,4956,32658,15417,13868,8980,16151,12843,3355,2.8564453125,12.677190949053289,5.496127417672151
32.19972586631775,92,75,0.43354457937565355,0,4956,32658,15417,13868,8980,16151,12843,3355,20.21484375,12.677190949053289,5.496127417672151
32.30103397369385,81,75,0.43354457937565355,0,4956,32658,15417,13868,8980,16151,12843,3355,17.7978515625,12.677190949053289,5.496127417672151
32.40438508987427,-9,75,0.43354457937565355,0,4956,32658,15417,13868,8980,16151,12843,3355,-1.9775390625,12.677190949053289,5.496127417672151
32.507922887802124,-54,75,0.43354457937565355,0,4956,32658,15417,13868,8980,16151,12843,3355,-11.865234375000002,12.677190949053289,5.496127417672151
32.610941886901855,-104,77,0.43354457937565355,0,97000,132316,48028,18626,41962,18797,15616,8007,-22.8515625,12.677190949053289,5.496127417672151
32.714669704437256,100,77,0.43354457937565355,0,97000,132316,48028,18626,41962,18797,15616,8007,21.97265625,12.677190949053289,5.496127417672151
32.81481695175171,68,77,0.43354457937565355,0,97000,132316,48028,18626,41962,18797,15616,8007,14.941406250000002,12.677190949053289,5.496127417672151
32.917728900909424,82,77,0.7540754625432684,0,97000,132316,48028,18626,41962,18797,15616,8007,18.017578124999996,6.351580915236706,4.789571316538115
33.0187668800354,60,77,0.7540754625432684,0,97000,132316,48028,18626,41962,18797,15616,8007,13.18359375,6.351580915236706,4.789571316538115
33.12400579452515,39,77,0.7540754625432684,0,97000,132316,48028,18626,41962,18797,15616,8007,8.5693359375,6.351580915236706,4.789571316538115
33.22777986526489,29,77,0.7540754625432684,0,97000,132316,48028,18626,41962,18797,15616,8007,6.3720703125,6.351580915236706,4.789571316538115
33.33184599876404,91,77,0.7540754625432684,0,97000,132316,48028,18626,41962,18797,15616,8007,19.9951171875,6.351580915236706,4.789571316538115
33.436630964279175,91,77,0.7540754625432684,0,97000,132316,48028,18626,41962,18797,15616,8007,19.9951171875,6.351580915236706,4.789571316538115
33.53932499885559,36,77,0.7540754625432684,0,97000,132316,48028,18626,41962,18797,15616,8007,7.91015625,6.351580915236706,4.789571316538115
33.639686822891235,112,70,0.7540754625432684,0,613760,47432,9773,17459,13938,10680,9677,11991,24.609375,6.351580915236706,4.789571316538115
33.740142822265625,19,70,0.7540754625432684,0,613760,47432,9773,17459,13938,10680,9677,11991,4.1748046875,6.351580915236706,4.789571316538115
33.84027695655823,57,70,0.7540754625432684,0,613760,47432,9773,17459,13938,10680,9677,11991,12.524414062500002,6.351580915236706,4.789571316538115
33.944509983062744,58,70,0.17765131366494732,0,613760,47432,9773,17459,13938,10680,9677,11991,12.744140625,5.5587853234195395,0.9875255150869103
34.048012018203735,21,70,0.17765131366494732,0,613760,47432,9773,17459,13938,10680,9677,11991,4.614257812500001,5.5587853234195395,0.9875255150869103
34.15186595916748,23,70,0.17765131366494732,0,613760,47432,9773,17459,13938,10680,9677,11991,5.0537109375,5.5587853234195395,0.9875255150869103
34.256348848342896,21,70,0.17765131366494732,0,613760,47432,9773,17459,13938,10680,9677,11991,4.614257812500001,5.5587853234195395,0.9875255150869103
34.35946083068848,50,70,0.17765131366494732,0,613760,47432,9773,17459,13938,10680,9677,11991,4.614257812500001,5.5587853234195395,0.9875255150869103
34.459534883499146,761,70,0.17765131366494732,0,613760,47432,9773,17459,13938,10680,9677,11991,4.614257812500001,5.5587853234195395,0.9875255150869103
34.55961608886719,-516,70,0.17765131366494732,0,613760,47432,9773,17459,13938,10680,9677,11991,4.614257812500001,5.5587853234195395,0.9875255150869103
34.65975093841553,275,60,0.17765131366494732,0,42555,39581,32255,5273,9229,9293,8402,2136,4.614257812500001,5.5587853234195395,0.9875255150869103
34.761417865753174,49,60,0.17765131366494732,0,42555,39581,32255,5273,9229,9293,8402,2136,10.7666015625,5.5587853234195395,0.9875255150869103
34.86246299743652,58,60,0.17765131366494732,0,42555,39581,32255,5273,9229,9293,8402,2136,12.744140625,5.5587853234195395,0.9875255150869103
34.96369791030884,2,60,0.6175063720493762,0,42555,39581,32255,5273,9229,9293,8402,2136,12.744140625,17.99336034161377,11.111014665527042
35.066659927368164,633,60,0.6175063720493762,0,42555,39581,32255,5273,9229,9293,8402,2136,12.744140625,17.99336034161377,11.111014665527042
35.170318841934204,369,60,0.6175063720493762,0,42555,39581,32255,5273,9229,9293,8402,2136,12.744140625,17.99336034161377,11.111014665527042
35.27328681945801,-1434,60,0.6175063720493762,0,42555,39581,32255,5273,9229,9293,8402,2136,12.744140625,17.99336034161377,11.111014665527042
35.376420974731445,-595,60,0.6175063720493762,0,42555,39581,32255,5273,9229,9293,8402,2136,12.744140625,17.99336034161377,11.111014665527042
35.480103969573975,171,60,0.6175063720493762,0,42555,39581,32255,5273,9229,9293,8402,2136,12.744140625,17.99336034161377,11.111014665527042
35.58335280418396,272,60,0.6175063720493762,0,42555,39581,32255,5273,9229,9293,8402,2136,59.76562500000001,17.99336034161377,11.111014665527042
35.687219858169556,209,48,0.6175063720493762,0,1105629,24316,41922,11824,22566,7743,4299,4636,45.9228515625,17.99336034161377,11.111014665527042
35.78727984428406,-10,48,0.6175063720493762,0,1105629,24316,41922,11824,22566,7743,4299,4636,-2.197265625,17.99336034161377,11.111014665527042
35.88840293884277,76,48,0.6175063720493762,0,1105629,24316,41922,11824,22566,7743,4299,4636,16.69921875,17.99336034161377,11.111014665527042
35.99101281166077,48,48,0.34216819290266715,0,1105629,24316,41922,11824,22566,7743,4299,4636,10.546875,14.88227132997221,5.092239887263764
36.095062017440796,-44,48,0.34216819290266715,0,1105629,24316,41922,11824,22566,7743,4299,4636,-9.66796875,14.88227132997221,5.092239887263764
36.19988203048706,92,48,0.34216819290266715,0,1105629,24316,41922,11824,22566,7743,4299,4636,20.21484375,14.88227132997221,5.092239887263764
36.303617000579834,-21,48,0.34216819290266715,0,1105629,24316,41922,11824,22566,7743,4299,4636,-4.614257812500001,14.88227132997221,5.092239887263764
36.40758490562439,105,48,0.34216819290266715,0,1105629,24316,41922,11824,22566,7743,4299,4636,23.0712890625,14.88227132997221,5.092239887263764
36.511149883270264,93,48,0.34216819290266715,0,1105629,24316,41922,11824,22566,7743,4299,4636,20.4345703125,14.88227132997221,5.092239887263764
36.61259484291077,136,41,0.34216819290266715,0,301970,115854,9800,14194,8024,7467,5063,4560,29.882812500000004,14.88227132997221,5.092239887263764
36.71305799484253,133,41,0.34216819290266715,0,301970,115854,9800,14194,8024,7467,5063,4560,29.2236328125,14.88227132997221,5.092239887263764
36.81342792510986,9,41,0.34216819290266715,0,301970,115854,9800,14194,8024,7467,5063,4560,1.9775390625,14.88227132997221,5.092239887263764
36.914623975753784,166,41,0.34216819290266715,0,301970,115854,9800,14194,8024,7467,5063,4560,1.9775390625,14.88227132997221,5.092239887263764
37.015591859817505,-355,41,0.5409053253183559,0,301970,115854,9800,14194,8024,7467,5063,4560,1.9775390625,8.544869531808349,4.621965433905702
37.11650204658508,152,41,0.5409053253183559,0,301970,115854,9800,14194,8024,7467,5063,4560,1.9775390625,8.544869531808349,4.621965433905702
37.221678733825684,73,41,0.5409053253183559,0,301970,115854,9800,14194,8024,7467,5063,4560,16.040039062500004,8.544869531808349,4.621965433905702
37.325206995010376,100,41,0.5409053253183559,0,301970,115854,9800,14194,8024,7467,5063,4560,21.97265625,8.544869531808349,4.621965433905702
37.42791390419006,55,41,0.5409053253183559,0,301970,115854,9800,14194,8024,7467,5063,4560,12.0849609375,8.544869531808349,4.621965433905702
37.53074312210083,65,41,0.5409053253183559,0,301970,115854,9800,14194,8024,7467,5063,4560,14.2822265625,8.544869531808349,4.621965433905702
37.633288860321045,43,40,0.5409053253183559,0,926253,60785,92535,19278,40845,18477,15036,9255,9.448242187500002,8.544869531808349,4.621965433905702
37.73760485649109,-22,40,0.5409053253183559,0,926253,60785,92535,19278,40845,18477,15036,9255,-4.833984375,8.544869531808349,4.621965433905702
37.84222102165222,53,40,0.5409053253183559,0,926253,60785,92535,19278,40845,18477,15036,9255,11.645507812500002,8.544869531808349,4.621965433905702
37.947221994400024,39,40,0.5409053253183559,0,926253,60785,92535,19278,40845,18477,15036,9255,8.5693359375,8.544869531808349,4.621965433905702
38.04932999610901,80,40,0.5570764733538166,0,926253,60785,92535,19278,40845,18477,15036,9255,17.578125,5.300450285242375,2.9527561520900534
38.15050387382507,64,40,0.5570764733538166,0,926253,60785,92535,19278,40845,18477,15036,9255,14.0625,5.300450285242375,2.9527561520900534
38.254480838775635,42,40,0.5570764733538166,0,926253,60785,92535,19278,40845,18477,15036,9255,9.228515625000002,5.300450285242375,2.9527561520900534
38.35957407951355,56,40,0.5570764733538166,0,926253,60785,92535,19278,40845,18477,15036,9255,12.3046875,5.300450285242375,2.9527561520900534
38.463374853134155,22,40,0.5570764733538166,0,926253,60785,92535,19278,40845,18477,15036,9255,4.833984375,5.300450285242375,2.9527561520900534
38.5684700012207,90,40,0.5570764733538166,0,926253,60785,92535,19278,40845,18477,15036,9255,19.775390625,5.300450285242375,2.9527561520900534
38.672544956207275,49,54,0.5570764733538166,0,11704,9609,161,5397,1617,6697,14248,6606,10.7666015625,5.300450285242375,2.9527561520900534
38.777398109436035,12,54,0.5570764733538166,0,11704,9609,161,5397,1617,6697,14248,6606,2.63671875,5.300450285242375,2.9527561520900534
38.88126492500305,50,54,0.5570764733538166,0,11704,9609,161,5397,1617,6697,14248,6606,10.986328125,5.300450285242375,2.9527561520900534
38.98359775543213,12,54,0.5570764733538166,0,11704,9609,161,5397,1617,6697,14248,6606,2.63671875,5.300450285242375,2.9527561520900534
39.0852689743042,119,54,0.17322184218527745,0,11704,9609,161,5397,1617,6697,14248,6606,26.147460937500004,12.784321972428147,2.2145238031537233
39.18820786476135,75,54,0.17322184218527745,0,11704,9609,161,5397,1617,6697,14248,6606,26.147460937500004,12.784321972428147,2.2145238031537233
39.29215478897095,385,54,0.17322184218527745,0,11704,9609,161,5397,1617,6697,14248,6606,26.147460937500004,12.784321972428147,2.2145238031537233
39.396376848220825,-92,54,0.17322184218527745,0,11704,9609,161,5397,1617,6697,14248,6606,26.147460937500004,12.784321972428147,2.2145238031537233
39.49759101867676,35,54,0.17322184218527745,0,11704,9609,161,5397,1617,6697,14248,6606,7.6904296875,12.784321972428147,2.2145238031537233
39.600934982299805,77,56,0.17322184218527745,0,230699,102450,19074,15678,13572,16753,7824,13009,16.9189453125,12.784321972428147,2.2145238031537233
39.703486919403076,55,56,0.17322184218527745,0,230699,102450,19074,15678,13572,16753,7824,13009,12.0849609375,12.784321972428147,2.2145238031537233
39.80609488487244,92,56,0.17322184218527745,0,230699,102450,19074,15678,13572,16753,7824,13009,20.21484375,12.784321972428147,2.2145238031537233
39.906538009643555,89,56,0.17322184218527745,0,230699,102450,19074,15678,13572,16753,7824,13009,19.5556640625,12.784321972428147,2.2145238031537233
40.00994110107422,113,56,0.17322184218527745,0,230699,102450,19074,15678,13572,16753,7824,13009,24.8291015625,12.784321972428147,2.2145238031537233
40.11428999900818,82,56,0.6334790739647743,0,230699,102450,19074,15678,13572,16753,7824,13009,18.017578124999996,7.5928042901655,4.809882630529806
40.22011089324951,91,56,0.6334790739647743,0,230699,102450,19074,15678,13572,16753,7824,13009,19.9951171875,7.5928042901655,4.809882630529806
40.32396173477173,32,56,0.6334790739647743,0,230699,102450,19074,15678,13572,16753,7824,13009,7.03125,7.5928042901655,4.809882630529806
40.428165912628174,37,56,0.6334790739647743,0,230699,102450,19074,15678,13572,16753,7824,13009,8.1298828125,7.5928042901655,4.809882630529806
40.53291988372803,84,56,0.6334790739647743,0,230699,102450,19074,15678,13572,16753,7824,13009,18.457031250000004,7.5928042901655,4.809882630529806
40.635963916778564,92,84,0.6334790739647743,0,9706,13532,7755,12387,15594,19906,10465,12511,20.21484375,7.5928042901655,4.809882630529806
40.74009394645691,38,84,0.6334790739647743,0,9706,13532,7755,12387,15594,19906,10465,12511,8.349609375,7.5928042901655,4.809882630529806
40.84430480003357,-26,84,0.6334790739647743,0,9706,13532,7755,12387,15594,19906,10465,12511,-5.712890625,7.5928042901655,4.809882630529806
40.948401927948,56,84,0.6334790739647743,0,9706,13532,7755,12387,15594,19906,10465,12511,12.3046875,7.5928042901655,4.809882630529806
41.053025007247925,21,84,0.6334790739647743,0,9706,13532,7755,12387,15594,19906,10465,12511,4.614257812500001,7.5928042901655,4.809882630529806
41.1574547290802,51,84,0.5947474618184792,0,9706,13532,7755,12387,15594,19906,10465,12511,11.206054687499998,5.672656706004619,3.3737981776638217
41.263017892837524,84,84,0.5947474618184792,0,9706,13532,7755,12387,15594,19906,10465,12511,18.457031250000004,5.672656706004619,3.3737981776638217
41.36406874656677,76,84,0.5947474618184792,0,9706,13532,7755,12387,15594,19906,10465,12511,16.69921875,5.672656706004619,3.3737981776638217
41.46543788909912,12,84,0.5947474618184792,0,9706,13532,7755,12387,15594,19906,10465,12511,2.63671875,5.672656706004619,3.3737981776638217
41.56699895858765,-1,84,0.5947474618184792,0,9706,13532,7755,12387,15594,19906,10465,12511,-0.2197265625,5.672656706004619,3.3737981776638217
41.66731095314026,68,84,0.5947474618184792,0,67746,13761,2737,7516,10352,2518,3224,1663,14.941406250000002,5.672656706004619,3.3737981776638217
41.769672870635986,41,84,0.5947474618184792,0,67746,13761,2737,7516,10352,2518,3224,1663,9.008789062499998,5.672656706004619,3.3737981776638217
41.86972498893738,25,84,0.5947474618184792,0,67746,13761,2737,7516,10352,2518,3224,1663,5.4931640625,5.672656706004619,3.3737981776638217
41.97003388404846,13,84,0.5947474618184792,0,67746,13761,2737,7516,10352,2518,3224,1663,2.8564453125,5.672656706004619,3.3737981776638217
42.07477784156799,5,84,0.5947474618184792,0,67746,13761,2737,7516,10352,2518,3224,1663,1.0986328125,5.672656706004619,3.3737981776638217
42.175724029541016,74,84,0.44363007724121406,0,67746,13761,2737,7516,10352,2518,3224,1663,16.259765625,7.1462981457088945,3.1703127983695816
42.27601194381714,44,84,0.44363007724121406,0,67746,13761,2737,7516,10352,2518,3224,1663,9.66796875,7.1462981457088945,3.1703127983695816
42.37960600852966,40,84,0.44363007724121406,0,67746,13761,2737,7516,10352,2518,3224,1663,8.7890625,7.1462981457088945,3.1703127983695816
42.479840993881226,53,84,0.44363007724121406,0,67746,13761,2737,7516,10352,2518,3224,1663,11.645507812500002,7.1462981457088945,3.1703127983695816
42.581762075424194,44,84,0.44363007724121406,0,67746,13761,2737,7516,10352,2518,3224,1663,9.66796875,7.1462981457088945,3.1703127983695816
42.68332290649414,59,64,0.44363007724121406,0,183843,24170,13871,6126,1407,3719,2663,784,12.9638671875,7.1462981457088945,3.1703127983695816
42.78381276130676,48,64,0.44363007724121406,0,183843,24170,13871,6126,1407,3719,2663,784,10.546875,7.1462981457088945,3.1703127983695816
42.88739895820618,114,64,0.44363007724121406,0,183843,24170,13871,6126,1407,3719,2663,784,25.048828125000004,7.1462981457088945,3.1703127983695816
42.99102187156677,59,64,0.44363007724121406,0,183843,24170,13871,6126,1407,3719,2663,784,12.9638671875,7.1462981457088945,3.1703127983695816
43.095345973968506,45,64,0.44363007724121406,0,183843,24170,13871,6126,1407,3719,2663,784,9.8876953125,7.1462981457088945,3.1703127983695816
43.197428941726685,119,64,0.34950545003948624,0,183843,24170,13871,6126,1407,3719,2663,784,26.147460937500004,8.851783488260205,3.0937465717164763
43.297958850860596,3,64,0.34950545003948624,0,183843,24170,13871,6126,1407,3719,2663,784,0.6591796875,8.851783488260205,3.0937465717164763
43.398276805877686,86,64,0.34950545003948624,0,183843,24170,13871,6126,1407,3719,2663,784,18.896484375000004,8.851783488260205,3.0937465717164763
43.50173377990723,42,64,0.34950545003948624,0,183843,24170,13871,6126,1407,3719,2663,784,9.228515625000002,8.851783488260205,3.0937465717164763
43.60473084449768,106,69,0.34950545003948624,0,9915,24625,11441,20699,9666,10373,8981,6273,23.291015625000004,8.851783488260205,3.0937465717164763
43.706095933914185,72,69,0.34950545003948624,0,9915,24625,11441,20699,9666,10373,8981,6273,15.8203125,8.851783488260205,3.0937465717164763
43.80873084068298,100,69,0.34950545003948624,0,9915,24625,11441,20699,9666,10373,8981,6273,21.97265625,8.851783488260205,3.0937465717164763
43.9110369682312,85,69,0.34950545003948624,0,9915,24625,11441,20699,9666,10373,8981,6273,18.6767578125,8.851783488260205,3.0937465717164763
44.01353192329407,86,69,0.34950545003948624,0,9915,24625,11441,20699,9666,10373,8981,6273,18.896484375000004,8.851783488260205,3.0937465717164763
44.11820602416992,23,69,0.34950545003948624,0,9915,24625,11441,20699,9666,10373,8981,6273,5.0537109375,8.851783488260205,3.0937465717164763
44.22417688369751,45,69,0.5911926961400024,0,9915,24625,11441,20699,9666,10373,8981,6273,9.8876953125,7.8299733516216605,4.62902305644958
44.327075719833374,51,69,0.5911926961400024,0,9915,24625,11441,20699,9666,10373,8981,6273,11.206054687499998,7.8299733516216605,4.62902305644958
44.428515911102295,34,69,0.5911926961400024,0,9915,24625,11441,20699,9666,10373,8981,6273,7.470703125000001,7.8299733516216605,4.62902305644958
44.52876901626587,-7,69,0.5911926961400024,0,9915,24625,11441,20699,9666,10373,8981,6273,-1.5380859375,7.8299733516216605,4.62902305644958
44.6323778629303,105,64,0.5911926961400024,0,13401,16999,9651,9465,11485,13813,3210,3087,23.0712890625,7.8299733516216605,4.62902305644958
44.732542991638184,25,64,0.5911926961400024,0,13401,16999,9651,9465,11485,13813,3210,3087,5.4931640625,7.8299733516216605,4.62902305644958
44.83481287956238,103,64,0.5911926961400024,0,13401,16999,9651,9465,11485,13813,3210,3087,22.6318359375,7.8299733516216605,4.62902305644958
44.939111948013306,82,64,0.5911926961400024,0,13401,16999,9651,9465,11485,13813,3210,3087,18.017578124999996,7.8299733516216605,4.62902305644958
45.0400288105011,38,64,0.5911926961400024,0,13401,16999,9651,9465,11485,13813,3210,3087,8.349609375,7.8299733516216605,4.62902305644958
45.14341688156128,20,64,0.5911926961400024,0,13401,16999,9651,9465,11485,13813,3210,3087,4.39453125,7.8299733516216605,4.62902305644958
45.24471402168274,83,64,0.6771852902240799,0,13401,16999,9651,9465,11485,13813,3210,3087,18.2373046875,5.6301480061504945,3.8126534115495474
45.34879994392395,24,64,0.6771852902240799,0,13401,16999,9651,9465,11485,13813,3210,3087,5.2734375,5.6301480061504945,3.8126534115495474
45.44890594482422,56,64,0.6771852902240799,0,13401,16999,9651,9465,11485,13813,3210,3087,12.3046875,5.6301480061504945,3.8126534115495474
45.55324387550354,42,64,0.6771852902240799,0,13401,16999,9651,9465,11485,13813,3210,3087,9.228515625000002,5.6301480061504945,3.8126534115495474
45.656615018844604,49,78,0.6771852902240799,0,19592,41944,6746,10454,9706,17255,7891,10968,10.7666015625,5.6301480061504945,3.8126534115495474
45.75858211517334,97,78,0.6771852902240799,0,19592,41944,6746,10454,9706,17255,7891,10968,21.3134765625,5.6301480061504945,3.8126534115495474
45.8616898059845,69,78,0.6771852902240799,0,19592,41944,6746,10454,9706,17255,7891,10968,15.1611328125,5.6301480061504945,3.8126534115495474
45.96543478965759,-9,78,0.6771852902240799,0,19592,41944,6746,10454,9706,17255,7891,10968,-1.9775390625,5.6301480061504945,3.8126534115495474
46.068747997283936,50,78,0.6771852902240799,0,19592,41944,6746,10454,9706,17255,7891,10968,10.986328125,5.6301480061504945,3.8126534115495474
46.169925928115845,34,78,0.6771852902240799,0,19592,41944,6746,10454,9706,17255,7891,10968,7.470703125000001,5.6301480061504945,3.8126534115495474
46.272387742996216,96,78,0.27661400360928146,0,19592,41944,6746,10454,9706,17255,7891,10968,21.09375,13.205404969450976,3.6527999378817357
46.37586998939514,50,78,0.27661400360928146,0,19592,41944,6746,10454,9706,17255,7891,10968,10.986328125,13.205404969450976,3.6527999378817357
46.481029987335205,52,78,0.27661400360928146,0,19592,41944,6746,10454,9706,17255,7891,10968,11.42578125,13.205404969450976,3.6527999378817357
46.58120608329773,68,78,0.27661400360928146,0,19592,41944,6746,10454,9706,17255,7891,10968,14.941406250000002,13.205404969450976,3.6527999378817357
46.68203282356262,-14,93,0.27661400360928146,0,8553,36488,11097,2695,4150,14994,7508,5628,-3.076171875,13.205404969450976,3.6527999378817357
46.78702998161316,-98,93,0.27661400360928146,0,8553,36488,11097,2695,4150,14994,7508,5628,-3.076171875,13.205404969450976,3.6527999378817357
46.88798189163208,486,93,0.27661400360928146,0,8553,36488,11097,2695,4150,14994,7508,5628,-3.076171875,13.205404969450976,3.6527999378817357
46.99026298522949,-228,93,0.27661400360928146,0,8553,36488,11097,2695,4150,14994,7508,5628,-3.076171875,13.205404969450976,3.6527999378817357
47.09440898895264,99,93,0.27661400360928146,0,8553,36488,11097,2695,4150,14994,7508,5628,21.752929687500004,13.205404969450976,3.6527999378817357
47.19727683067322,96,93,0.27661400360928146,0,8553,36488,11097,2695,4150,14994,7508,5628,21.09375,13.205404969450976,3.6527999378817357
47.29931902885437,52,93,0.4791090495908406,0,8553,36488,11097,2695,4150,14994,7508,5628,11.42578125,12.488895967408077,5.983543077383765
47.40115475654602,-3,93,0.4791090495908406,0,8553,36488,11097,2695,4150,14994,7508,5628,-0.6591796875,12.488895967408077,5.983543077383765
47.50479698181152,140,93,0.4791090495908406,0,8553,36488,11097,2695,4150,14994,7508,5628,30.76171875,12.488895967408077,5.983543077383765
47.61057996749878,50,87,0.4791090495908406,0,291325,161013,48429,22394,31827,29850,6982,7749,10.986328125,12.488895967408077,5.983543077383765
47.71097803115845,88,87,0.4791090495908406,0,291325,161013,48429,22394,31827,29850,6982,7749,19.3359375,12.488895967408077,5.983543077383765
47.811381101608276,140,87,0.4791090495908406,0,291325,161013,48429,22394,31827,29850,6982,7749,30.76171875,12.488895967408077,5.983543077383765
47.91399669647217,-10,87,0.4791090495908406,0,291325,161013,48429,22394,31827,29850,6982,7749,-2.197265625,12.488895967408077,5.983543077383765
48.017982006073,40,87,0.4791090495908406,0,291325,161013,48429,22394,31827,29850,6982,7749,8.7890625,12.488895967408077,5.983543077383765
48.120866775512695,-1,87,0.4791090495908406,0,291325,161013,48429,22394,31827,29850,6982,7749,-0.2197265625,12.488895967408077,5.983543077383765
48.22470688819885,25,87,0.4791090495908406,0,291325,161013,48429,22394,31827,29850,6982,7749,-0.2197265625,12.488895967408077,5.983543077383765
48.32837796211243,444,87,1.568026181968524,0,291325,161013,48429,22394,31827,29850,6982,7749,-0.2197265625,7.4782177913714705,11.726041291333294
48.43235993385315,25,87,1.568026181968524,0,291325,161013,48429,22394,31827,29850,6982,7749,-0.2197265625,7.4782177913714705,11.726041291333294
48.53291392326355,-104,87,1.568026181968524,0,291325,161013,48429,22394,31827,29850,6982,7749,-22.8515625,7.4782177913714705,11.726041291333294
48.63481092453003,210,75,1.568026181968524,0,2021548,38618,4514,22123,28305,9877,4207,4752,46.142578125,7.4782177913714705,11.726041291333294
48.73893690109253,-58,75,1.568026181968524,0,2021548,38618,4514,22123,28305,9877,4207,4752,-12.744140625,7.4782177913714705,11.726041291333294
48.8408088684082,49,75,1.568026181968524,0,2021548,38618,4514,22123,28305,9877,4207,4752,10.7666015625,7.4782177913714705,11.726041291333294
48.94106984138489,-3,75,1.568026181968524,0,2021548,38618,4514,22123,28305,9877,4207,4752,-0.6591796875,7.4782177913714705,11.726041291333294
49.04137396812439,48,75,1.568026181968524,0,2021548,38618,4514,22123,28305,9877,4207,4752,10.546875,7.4782177913714705,11.726041291333294
49.143332958221436,-154,75,1.568026181968524,0,2021548,38618,4514,22123,28305,9877,4207,4752,-33.837890625,7.4782177913714705,11.726041291333294
49.2473578453064,32,75,1.568026181968524,0,2021548,38618,4514,22123,28305,9877,4207,4752,7.03125,7.4782177913714705,11.726041291333294
49.34848475456238,104,75,0.4318664803667678,0,2021548,38618,4514,22123,28305,9877,4207,4752,7.03125,39.51253184199573,17.064138056982536
49.45296382904053,587,75,0.4318664803667678,0,2021548,38618,4514,22123,28305,9877,4207,4752,7.03125,39.51253184199573,17.064138056982536
49.55339980125427,-38,75,0.4318664803667678,0,2021548,38618,4514,22123,28305,9877,4207,4752,7.03125,39.51253184199573,17.064138056982536
49.65576982498169,-276,66,0.4318664803667678,0,67341,10950,4960,1213,2023,2641,873,1746,-60.64453125,39.51253184199573,17.064138056982536
49.760761737823486,257,66,0.4318664803667678,0,67341,10950,4960,1213,2023,2641,873,1746,-60.64453125,39.51253184199573,17.064138056982536
49.864269733428955,-551,66,0.4318664803667678,0,67341,10950,4960,1213,2023,2641,873,1746,-60.64453125,39.51253184199573,17.064138056982536
49.96780705451965,216,66,0.4318664803667678,0,67341,10950,4960,1213,2023,2641,873,1746,-60.64453125,39.51253184199573,17.064138056982536
50.06796193122864,119,66,0.4318664803667678,0,67341,10950,4960,1213,2023,2641,873,1746,26.147460937500004,39.51253184199573,17.064138056982536
50.16842603683472,146,66,0.4318664803667678,0,67341,10950,4960,1213,2023,2641,873,1746,32.08007812500001,39.51253184199573,17.064138056982536
50.272512912750244,-83,66,0.4318664803667678,0,67341,10950,4960,1213,2023,2641,873,1746,-18.2373046875,39.51253184199573,17.064138056982536
50.373165130615234,107,66,0.5455440324027081,0,67341,10950,4960,1213,2023,2641,873,1746,-18.2373046875,12.26439813821131,6.690769215312065
50.47607707977295,681,66,0.5455440324027081,0,67341,10950,4960,1213,2023,2641,873,1746,-18.2373046875,12.26439813821131,6.690769215312065
50.57732391357422,-310,66,0.5455440324027081,0,67341,10950,4960,1213,2023,2641,873,1746,-18.2373046875,12.26439813821131,6.690769215312065
50.67983889579773,128,43,0.5455440324027081,0,828524,124450,6593,29835,6443,6386,3387,2972,28.125,12.26439813821131,6.690769215312065
50.78239989280701,-4,43,0.5455440324027081,0,828524,124450,6593,29835,6443,6386,3387,2972,-0.87890625,12.26439813821131,6.690769215312065
50.88793087005615,25,43,0.5455440324027081,0,828524,124450,6593,29835,6443,6386,3387,2972,5.4931640625,12.26439813821131,6.690769215312065
50.991352796554565,34,43,0.5455440324027081,0,828524,124450,6593,29835,6443,6386,3387,2972,7.470703125000001,12.26439813821131,6.690769215312065
51.09217095375061,57,43,0.5455440324027081,0,828524,124450,6593,29835,6443,6386,3387,2972,12.524414062500002,12.26439813821131,6.690769215312065
51.19225811958313,115,43,0.5455440324027081,0,828524,124450,6593,29835,6443,6386,3387,2972,25.2685546875,12.26439813821131,6.690769215312065
51.29478096961975,59,43,0.5455440324027081,0,828524,124450,6593,29835,6443,6386,3387,2972,12.9638671875,12.26439813821131,6.690769215312065
51.397928953170776,44,43,0.682543745520523,0,828524,124450,6593,29835,6443,6386,3387,2972,9.66796875,11.187351878507522,7.635857053612583
51.50233793258667,48,43,0.682543745520523,0,828524,124450,6593,29835,6443,6386,3387,2972,10.546875,11.187351878507522,7.635857053612583
51.60343790054321,148,51,0.682543745520523,0,1194934,15732,22587,7432,14492,11034,1918,3295,32.51953125,11.187351878507522,7.635857053612583
51.70615601539612,40,51,0.682543745520523,0,1194934,15732,22587,7432,14492,11034,1918,3295,8.7890625,11.187351878507522,7.635857053612583
51.80742406845093,81,51,0.682543745520523,0,1194934,15732,22587,7432,14492,11034,1918,3295,8.7890625,11.187351878507522,7.635857053612583
51.91063594818115,371,51,0.682543745520523,0,1194934,15732,22587,7432,14492,11034,1918,3295,8.7890625,11.187351878507522,7.635857053612583
52.013887882232666,-663,51,0.682543745520523,0,1194934,15732,22587,7432,14492,11034,1918,3295,8.7890625,11.187351878507522,7.635857053612583
52.11562705039978,146,51,0.682543745520523,0,1194934,15732,22587,7432,14492,11034,1918,3295,8.7890625,11.187351878507522,7.635857053612583
52.21962094306946,209,51,0.682543745520523,0,1194934,15732,22587,7432,14492,11034,1918,3295,45.9228515625,11.187351878507522,7.635857053612583
52.32115888595581,88,51,0.682543745520523,0,1194934,15732,22587,7432,14492,11034,1918,3295,19.3359375,11.187351878507522,7.635857053612583
52.42492175102234,36,51,0.42579805759298384,0,1194934,15732,22587,7432,14492,11034,1918,3295,7.91015625,8.7522610676844,3.7266957621667123
52.52648711204529,50,51,0.42579805759298384,0,1194934,15732,22587,7432,14492,11034,1918,3295,10.986328125,8.7522610676844,3.7266957621667123
52.62814116477966,101,35,0.42579805759298384,0,312326,154784,14185,27803,3311,7564,3763,3754,22.192382812500004,8.7522610676844,3.7266957621667123
52.73302602767944,1,35,0.42579805759298384,0,312326,154784,14185,27803,3311,7564,3763,3754,0.2197265625,8.7522610676844,3.7266957621667123
52.83763408660889,51,35,0.42579805759298384,0,312326,154784,14185,27803,3311,7564,3763,3754,11.206054687499998,8.7522610676844,3.7266957621667123
52.94271111488342,-7,35,0.42579805759298384,0,312326,154784,14185,27803,3311,7564,3763,3754,-1.5380859375,8.7522610676844,3.7266957621667123
53.04343891143799,-22,35,0.42579805759298384,0,312326,154784,14185,27803,3311,7564,3763,3754,-4.833984375,8.7522610676844,3.7266957621667123
53.147433042526245,-3,35,0.42579805759298384,0,312326,154784,14185,27803,3311,7564,3763,3754,-0.6591796875,8.7522610676844,3.7266957621667123
53.24941802024841,25,35,0.42579805759298384,0,312326,154784,14185,27803,3311,7564,3763,3754,5.4931640625,8.7522610676844,3.7266957621667123
53.34978485107422,50,35,0.42579805759298384,0,312326,154784,14185,27803,3311,7564,3763,3754,10.986328125,8.7522610676844,3.7266957621667123
53.45282983779907,-18,35,0.46364065999464193,0,312326,154784,14185,27803,3311,7564,3763,3754,-3.955078125,9.926251689308122,4.6022138845037475
53.555052042007446,109,35,0.46364065999464193,0,312326,154784,14185,27803,3311,7564,3763,3754,23.9501953125,9.926251689308122,4.6022138845037475
53.65587091445923,64,40,0.46364065999464193,0,25991,9034,2726,18383,11437,7416,9256,12884,14.0625,9.926251689308122,4.6022138845037475
53.75865697860718,54,40,0.46364065999464193,0,25991,9034,2726,18383,11437,7416,9256,12884,11.865234375000002,9.926251689308122,4.6022138845037475
53.86164689064026,118,40,0.46364065999464193,0,25991,9034,2726,18383,11437,7416,9256,12884,25.927734375,9.926251689308122,4.6022138845037475
53.963561058044434,92,40,0.46364065999464193,0,25991,9034,2726,18383,11437,7416,9256,12884,20.21484375,9.926251689308122,4.6022138845037475
54.06763291358948,83,40,0.46364065999464193,0,25991,9034,2726,18383,11437,7416,9256,12884,18.2373046875,9.926251689308122,4.6022138845037475
54.16793704032898,105,40,0.46364065999464193,0,25991,9034,2726,18383,11437,7416,9256,12884,23.0712890625,9.926251689308122,4.6022138845037475
54.27151894569397,35,40,0.46364065999464193,0,25991,9034,2726,18383,11437,7416,9256,12884,7.6904296875,9.926251689308122,4.6022138845037475
54.37468481063843,98,40,0.46364065999464193,0,25991,9034,2726,18383,11437,7416,9256,12884,21.533203125,9.926251689308122,4.6022138845037475
54.47659492492676,52,40,0.36396809557999027,0,25991,9034,2726,18383,11437,7416,9256,12884,11.42578125,7.092764582921835,2.581540017643264
54.577308893203735,-17,40,0.36396809557999027,0,25991,9034,2726,18383,11437,7416,9256,12884,-3.7353515625000004,7.092764582921835,2.581540017643264
54.678483963012695,34,74,0.36396809557999027,0,20039,11957,3094,10046,4639,30484,14061,6028,7.470703125000001,7.092764582921835,2.581540017643264
54.77858591079712,11,74,0.36396809557999027,0,20039,11957,3094,10046,4639,30484,14061,6028,2.4169921875,7.092764582921835,2.581540017643264
54.88295888900757,106,74,0.36396809557999027,0,20039,11957,3094,10046,4639,30484,14061,6028,23.291015625000004,7.092764582921835,2.581540017643264
54.986217975616455,36,74,0.36396809557999027,0,20039,11957,3094,10046,4639,30484,14061,6028,7.91015625,7.092764582921835,2.581540017643264
55.08633494377136,70,74,0.36396809557999027,0,20039,11957,3094,10046,4639,30484,14061,6028,15.380859375,7.092764582921835,2.581540017643264
55.18772292137146,41,74,0.36396809557999027,0,20039,11957,3094,10046,4639,30484,14061,6028,9.008789062499998,7.092764582921835,2.581540017643264
55.290979862213135,28,74,0.36396809557999027,0,20039,11957,3094,10046,4639,30484,14061,6028,9.008789062499998,7.092764582921835,2.581540017643264
55.391037940979004,477,74,0.36396809557999027,0,20039,11957,3094,10046,4639,30484,14061,6028,9.008789062499998,7.092764582921835,2.581540017643264
55.493809938430786,-334,74,0.4785162966861409,0,20039,11957,3094,10046,4639,30484,14061,6028,9.008789062499998,6.691436603424709,3.2019614629808806
55.59874486923218,-21,74,0.4785162966861409,0,20039,11957,3094,10046,4639,30484,14061,6028,-4.614257812500001,6.691436603424709,3.2019614629808806
55.70107078552246,74,63,0.4785162966861409,0,182616,143525,28724,83792,24157,31219,12613,7377,16.259765625,6.691436603424709,3.2019614629808806
55.80116391181946,59,63,0.4785162966861409,0,182616,143525,28724,83792,24157,31219,12613,7377,12.9638671875,6.691436603424709,3.2019614629808806
55.90185189247131,113,63,0.4785162966861409,0,182616,143525,28724,83792,24157,31219,12613,7377,24.8291015625,6.691436603424709,3.2019614629808806
56.00595998764038,46,63,0.4785162966861409,0,182616,143525,28724,83792,24157,31219,12613,7377,10.107421875,6.691436603424709,3.2019614629808806
56.10805678367615,55,63,0.4785162966861409,0,182616,143525,28724,83792,24157,31219,12613,7377,12.0849609375,6.691436603424709,3.2019614629808806
56.209495067596436,28,63,0.4785162966861409,0,182616,143525,28724,83792,24157,31219,12613,7377,6.15234375,6.691436603424709,3.2019614629808806
56.30958080291748,90,63,0.4785162966861409,0,182616,143525,28724,83792,24157,31219,12613,7377,19.775390625,6.691436603424709,3.2019614629808806
56.41226291656494,83,63,0.4785162966861409,0,182616,143525,28724,83792,24157,31219,12613,7377,18.2373046875,6.691436603424709,3.2019614629808806
56.51647996902466,101,63,0.2850969850745298,0,182616,143525,28724,83792,24157,31219,12613,7377,22.192382812500004,10.44015703041909,2.976457293077139
56.621678829193115,53,88,0.2850969850745298,0,29592,7750,4097,6570,4025,9056,19391,8350,11.645507812500002,10.44015703041909,2.976457293077139
56.725162982940674,124,88,0.2850969850745298,0,29592,7750,4097,6570,4025,9056,19391,8350,27.24609375,10.44015703041909,2.976457293077139
56.82577681541443,74,88,0.2850969850745298,0,29592,7750,4097,6570,4025,9056,19391,8350,16.259765625,10.44015703041909,2.976457293077139
56.925992012023926,57,88,0.2850969850745298,0,29592,7750,4097,6570,4025,9056,19391,8350,12.524414062500002,10.44015703041909,2.976457293077139
57.02946376800537,37,88,0.2850969850745298,0,29592,7750,4097,6570,4025,9056,19391,8350,8.1298828125,10.44015703041909,2.976457293077139
57.1310179233551,77,88,0.2850969850745298,0,29592,7750,4097,6570,4025,9056,19391,8350,16.9189453125,10.44015703041909,2.976457293077139
57.231842041015625,107,88,0.2850969850745298,0,29592,7750,4097,6570,4025,9056,19391,8350,23.5107421875,10.44015703041909,2.976457293077139
57.33419394493103,212,88,0.2850969850745298,0,29592,7750,4097,6570,4025,9056,19391,8350,23.5107421875,10.44015703041909,2.976457293077139
57.4343638420105,-568,88,0.2850969850745298,0,29592,7750,4097,6570,4025,9056,19391,8350,23.5107421875,10.44015703041909,2.976457293077139
57.53461003303528,26,88,0.0960827301993878,0,29592,7750,4097,6570,4025,9056,19391,8350,23.5107421875,15.922899038375704,1.5299156122963442
57.63727378845215,42,80,0.0960827301993878,0,96672,54945,16407,5850,14679,12998,5414,3279,9.228515625000002,15.922899038375704,1.5299156122963442
57.738653898239136,113,80,0.0960827301993878,0,96672,54945,16407,5850,14679,12998,5414,3279,9.228515625000002,15.922899038375704,1.5299156122963442
57.84141707420349,362,80,0.0960827301993878,0,96672,54945,16407,5850,14679,12998,5414,3279,9.228515625000002,15.922899038375704,1.5299156122963442
57.94609212875366,17,80,0.0960827301993878,0,96672,54945,16407,5850,14679,12998,5414,3279,9.228515625000002,15.922899038375704,1.5299156122963442
58.05043292045593,105,80,0.0960827301993878,0,96672,54945,16407,5850,14679,12998,5414,3279,23.0712890625,15.922899038375704,1.5299156122963442
58.155466079711914,123,80,0.0960827301993878,0,96672,54945,16407,5850,14679,12998,5414,3279,27.0263671875,15.922899038375704,1.5299156122963442
58.260538816452026,137,80,0.0960827301993878,0,96672,54945,16407,5850,14679,12998,5414,3279,30.1025390625,15.922899038375704,1.5299156122963442
58.36323308944702,147,80,0.0960827301993878,0,96672,54945,16407,5850,14679,12998,5414,3279,32.2998046875,15.922899038375704,1.5299156122963442
58.46360397338867,82,80,0.0960827301993878,0,96672,54945,16407,5850,14679,12998,5414,3279,18.017578124999996,15.922899038375704,1.5299156122963442
58.56401491165161,-90,80,1.0469855381076063,0,96672,54945,16407,5850,14679,12998,5414,3279,18.017578124999996,8.815382618635004,9.22957811459601
58.66484189033508,-458,48,1.0469855381076063,0,1124496,128632,31228,34924,21150,9981,6325,3979,18.017578124999996,8.815382618635004,9.22957811459601
58.76756477355957,-51,48,1.0469855381076063,0,1124496,128632,31228,34924,21150,9981,6325,3979,18.017578124999996,8.815382618635004,9.22957811459601
58.86804413795471,92,48,1.0469855381076063,0,1124496,128632,31228,34924,21150,9981,6325,3979,20.21484375,8.815382618635004,9.22957811459601
58.96866488456726,-33,48,1.0469855381076063,0,1124496,128632,31228,34924,21150,9981,6325,3979,-7.2509765625,8.815382618635004,9.22957811459601
59.07272696495056,130,48,1.0469855381076063,0,1124496,128632,31228,34924,21150,9981,6325,3979,28.564453125,8.815382618635004,9.22957811459601
59.173457860946655,70,48,1.0469855381076063,0,1124496,128632,31228,34924,21150,9981,6325,3979,15.380859375,8.815382618635004,9.22957811459601
59.27605891227722,-43,48,1.0469855381076063,0,1124496,128632,31228,34924,21150,9981,6325,3979,-9.448242187500002,8.815382618635004,9.22957811459601
59.37616682052612,66,48,1.0469855381076063,0,1124496,128632,31228,34924,21150,9981,6325,3979,14.501953125,8.815382618635004,9.22957811459601
59.480448961257935,81,48,1.0469855381076063,0,1124496,128632,31228,34924,21150,9981,6325,3979,17.7978515625,8.815382618635004,9.22957811459601
