,Unnamed: 0,seconds,raw_value,our-attention,attention,our_attention,blink,delta,theta,low-alpha,high-alpha,low-beta,high-beta,low-gamma,mid-gamma
0,0,1.2874603271484377e-05,0,0.49927170868347337,37,0.4992717086834733,0,701312,222330,19280,25345,6861,14843,18936,11140
1,1,0.1009509563446044,0,0.49927170868347337,37,0.4992717086834733,0,701312,222330,19280,25345,6861,14843,18936,11140
2,2,0.2016000747680664,0,0.49927170868347337,37,0.4992717086834733,0,701312,222330,19280,25345,6861,14843,18936,11140
3,3,0.3060450553894043,0,0.49927170868347337,37,0.4992717086834733,0,701312,222330,19280,25345,6861,14843,18936,11140
4,4,0.4105479717254638,0,0.49927170868347337,37,0.4992717086834733,0,701312,222330,19280,25345,6861,14843,18936,11140
5,5,0.5150461196899414,26,0.7346075927067736,35,0.7346075927067736,0,181295,27827,3329,8024,3295,5280,1965,4170
6,6,0.6196482181549072,26,0.7346075927067736,35,0.7346075927067736,0,181295,27827,3329,8024,3295,5280,1965,4170
7,7,0.7240769863128662,26,0.7346075927067736,35,0.7346075927067736,0,181295,27827,3329,8024,3295,5280,1965,4170
8,8,0.8285529613494873,26,0.7346075927067736,35,0.7346075927067736,0,181295,27827,3329,8024,3295,5280,1965,4170
9,9,0.933131217956543,26,0.7346075927067736,35,0.7346075927067736,0,181295,27827,3329,8024,3295,5280,1965,4170
10,10,1.0375020503997805,26,0.7346075927067736,35,0.7346075927067736,0,181295,27827,3329,8024,3295,5280,1965,4170
11,11,1.1422491073608398,26,0.7346075927067736,35,0.7346075927067736,0,181295,27827,3329,8024,3295,5280,1965,4170
12,12,1.2465949058532717,26,0.7346075927067736,35,0.7346075927067736,0,181295,27827,3329,8024,3295,5280,1965,4170
13,13,1.3509819507598877,26,0.7346075927067736,35,0.7346075927067736,0,181295,27827,3329,8024,3295,5280,1965,4170
14,14,1.4547910690307615,26,0.7346075927067736,35,0.7346075927067736,0,181295,27827,3329,8024,3295,5280,1965,4170
15,15,1.5589652061462402,26,0.7346075927067736,35,0.7346075927067736,0,181295,27827,3329,8024,3295,5280,1965,4170
16,16,1.663106918334961,26,0.7346075927067736,35,0.7346075927067736,0,181295,27827,3329,8024,3295,5280,1965,4170
17,17,1.7645490169525146,26,0.7346075927067736,35,0.7346075927067736,0,181295,27827,3329,8024,3295,5280,1965,4170
18,18,1.8691909313201904,26,0.7346075927067736,35,0.7346075927067736,0,181295,27827,3329,8024,3295,5280,1965,4170
19,19,1.972245216369629,26,0.7346075927067736,35,0.7346075927067736,0,181295,27827,3329,8024,3295,5280,1965,4170
20,20,2.0767178535461426,26,0.7346075927067736,35,0.7346075927067736,0,181295,27827,3329,8024,3295,5280,1965,4170
21,21,2.181184768676758,26,0.7346075927067736,35,0.7346075927067736,0,181295,27827,3329,8024,3295,5280,1965,4170
22,22,2.285646915435791,26,0.7346075927067736,35,0.7346075927067736,0,181295,27827,3329,8024,3295,5280,1965,4170
23,23,2.3901000022888184,26,0.7346075927067736,35,0.7346075927067736,0,181295,27827,3329,8024,3295,5280,1965,4170
24,24,2.4942550659179688,26,0.7346075927067736,35,0.7346075927067736,0,181295,27827,3329,8024,3295,5280,1965,4170
25,25,2.598963975906372,26,0.7346075927067736,35,0.7346075927067736,0,181295,27827,3329,8024,3295,5280,1965,4170
26,26,2.703589916229248,26,0.7346075927067736,35,0.7346075927067736,0,181295,27827,3329,8024,3295,5280,1965,4170
27,27,2.8080739974975586,26,0.7346075927067736,35,0.7346075927067736,0,181295,27827,3329,8024,3295,5280,1965,4170
28,28,2.9125540256500244,40,0.7346075927067736,35,0.7346075927067736,0,181295,27827,3329,8024,3295,5280,1965,4170
29,29,3.016523838043213,40,0.7346075927067736,35,0.7346075927067736,0,181295,27827,3329,8024,3295,5280,1965,4170
30,30,3.121271848678589,40,0.7346075927067736,35,0.7346075927067736,0,181295,27827,3329,8024,3295,5280,1965,4170
31,31,3.225795030593872,40,0.7346075927067736,35,0.7346075927067736,0,181295,27827,3329,8024,3295,5280,1965,4170
32,32,3.33034896850586,40,0.7346075927067736,35,0.7346075927067736,0,181295,27827,3329,8024,3295,5280,1965,4170
33,33,3.434973955154419,40,0.7346075927067736,35,0.7346075927067736,0,181295,27827,3329,8024,3295,5280,1965,4170
34,34,3.539497137069702,75,0.7346075927067736,35,0.7346075927067736,0,181295,27827,3329,8024,3295,5280,1965,4170
35,35,3.643694877624512,96,0.7346075927067736,35,0.7346075927067736,0,181295,27827,3329,8024,3295,5280,1965,4170
36,36,3.745171070098877,96,0.7346075927067736,35,0.7346075927067736,0,181295,27827,3329,8024,3295,5280,1965,4170
37,37,3.847167015075684,96,0.7346075927067736,35,0.7346075927067736,0,181295,27827,3329,8024,3295,5280,1965,4170
38,38,3.951392889022827,96,0.7346075927067736,35,0.7346075927067736,0,181295,27827,3329,8024,3295,5280,1965,4170
39,39,4.055789947509766,96,0.7346075927067736,35,0.7346075927067736,0,181295,27827,3329,8024,3295,5280,1965,4170
40,40,4.160672903060913,23,0.7346075927067736,35,0.7346075927067736,0,181295,27827,3329,8024,3295,5280,1965,4170
41,41,4.2651731967926025,16,0.7346075927067736,35,0.7346075927067736,0,181295,27827,3329,8024,3295,5280,1965,4170
42,42,4.369606971740723,16,0.7346075927067736,35,0.7346075927067736,0,181295,27827,3329,8024,3295,5280,1965,4170
43,43,4.473739147186279,16,0.7346075927067736,35,0.7346075927067736,0,181295,27827,3329,8024,3295,5280,1965,4170
44,44,4.578765869140625,16,0.7346075927067736,35,0.7346075927067736,0,181295,27827,3329,8024,3295,5280,1965,4170
45,45,4.683119058609009,16,0.7346075927067736,35,0.7346075927067736,0,181295,27827,3329,8024,3295,5280,1965,4170
46,46,4.787658214569092,16,0.7346075927067736,35,0.7346075927067736,0,181295,27827,3329,8024,3295,5280,1965,4170
47,47,4.892128944396973,16,0.7346075927067736,35,0.7346075927067736,0,181295,27827,3329,8024,3295,5280,1965,4170
48,48,4.996045827865601,16,0.7346075927067736,35,0.7346075927067736,0,181295,27827,3329,8024,3295,5280,1965,4170
49,49,5.100135087966919,16,0.7346075927067736,35,0.7346075927067736,0,181295,27827,3329,8024,3295,5280,1965,4170
50,50,5.200805902481079,16,0.7346075927067736,35,0.7346075927067736,0,181295,27827,3329,8024,3295,5280,1965,4170
51,51,5.302043914794922,32,0.29273932480345305,17,0.292739324803453,0,1230404,153334,43992,46826,19255,12618,7502,13293
52,52,5.406950950622559,32,0.29273932480345305,17,0.292739324803453,0,1230404,153334,43992,46826,19255,12618,7502,13293
53,53,5.511219024658203,32,0.29273932480345305,17,0.292739324803453,0,1230404,153334,43992,46826,19255,12618,7502,13293
54,54,5.616125106811523,32,0.29273932480345305,17,0.292739324803453,0,1230404,153334,43992,46826,19255,12618,7502,13293
55,55,5.720199108123779,32,0.29273932480345305,17,0.292739324803453,0,1230404,153334,43992,46826,19255,12618,7502,13293
56,56,5.823992013931274,32,0.29273932480345305,17,0.292739324803453,0,1230404,153334,43992,46826,19255,12618,7502,13293
57,57,5.927720069885254,32,0.29273932480345305,17,0.292739324803453,0,1230404,153334,43992,46826,19255,12618,7502,13293
58,58,6.030714988708496,32,0.29273932480345305,17,0.292739324803453,0,1230404,153334,43992,46826,19255,12618,7502,13293
59,59,6.134449005126953,32,0.29273932480345305,17,0.292739324803453,0,1230404,153334,43992,46826,19255,12618,7502,13293
60,60,6.23893404006958,6,0.29273932480345305,17,0.292739324803453,0,1230404,153334,43992,46826,19255,12618,7502,13293
61,61,6.342605829238892,6,0.29273932480345305,17,0.292739324803453,0,1230404,153334,43992,46826,19255,12618,7502,13293
62,62,6.447644948959351,6,0.29273932480345305,17,0.292739324803453,0,1230404,153334,43992,46826,19255,12618,7502,13293
63,63,6.552288770675659,6,0.29273932480345305,17,0.292739324803453,0,1230404,153334,43992,46826,19255,12618,7502,13293
64,64,6.65651798248291,-221,0.29273932480345305,17,0.292739324803453,0,1230404,153334,43992,46826,19255,12618,7502,13293
65,65,6.760876893997192,-221,0.29273932480345305,17,0.292739324803453,0,1230404,153334,43992,46826,19255,12618,7502,13293
66,66,6.865832090377808,-221,0.29273932480345305,17,0.292739324803453,0,1230404,153334,43992,46826,19255,12618,7502,13293
67,67,6.970368146896362,-221,0.29273932480345305,17,0.292739324803453,0,1230404,153334,43992,46826,19255,12618,7502,13293
68,68,7.074379205703735,-180,0.29273932480345305,17,0.292739324803453,0,1230404,153334,43992,46826,19255,12618,7502,13293
69,69,7.179382801055908,19,0.09739119155582698,11,0.0973911915558269,0,904048,287089,111803,73224,42618,20580,10474,9010
70,70,7.279618978500366,19,0.09739119155582698,11,0.0973911915558269,0,904048,287089,111803,73224,42618,20580,10474,9010
71,71,7.38408613204956,19,0.09739119155582698,11,0.0973911915558269,0,904048,287089,111803,73224,42618,20580,10474,9010
72,72,7.488546848297119,19,0.09739119155582698,11,0.0973911915558269,0,904048,287089,111803,73224,42618,20580,10474,9010
73,73,7.592477083206177,11,0.09739119155582698,11,0.0973911915558269,0,904048,287089,111803,73224,42618,20580,10474,9010
74,74,7.696111917495727,11,0.09739119155582698,11,0.0973911915558269,0,904048,287089,111803,73224,42618,20580,10474,9010
75,75,7.800528049468994,11,0.09739119155582698,11,0.0973911915558269,0,904048,287089,111803,73224,42618,20580,10474,9010
76,76,7.905076026916504,11,0.09739119155582698,11,0.0973911915558269,0,904048,287089,111803,73224,42618,20580,10474,9010
77,77,8.009499073028564,11,0.09739119155582698,11,0.0973911915558269,0,904048,287089,111803,73224,42618,20580,10474,9010
78,78,8.113883972167969,11,0.09739119155582698,11,0.0973911915558269,0,904048,287089,111803,73224,42618,20580,10474,9010
79,79,8.218453168869019,11,0.09739119155582698,11,0.0973911915558269,0,904048,287089,111803,73224,42618,20580,10474,9010
80,80,8.322933912277222,11,0.09739119155582698,11,0.0973911915558269,0,904048,287089,111803,73224,42618,20580,10474,9010
81,81,8.427563190460205,11,0.09739119155582698,11,0.0973911915558269,0,904048,287089,111803,73224,42618,20580,10474,9010
82,82,8.532057046890259,11,0.09739119155582698,11,0.0973911915558269,0,904048,287089,111803,73224,42618,20580,10474,9010
83,83,8.63644814491272,11,0.09739119155582698,11,0.0973911915558269,0,904048,287089,111803,73224,42618,20580,10474,9010
84,84,8.741011142730713,11,0.09739119155582698,11,0.0973911915558269,0,904048,287089,111803,73224,42618,20580,10474,9010
85,85,8.845475912094116,11,0.09739119155582698,11,0.0973911915558269,0,904048,287089,111803,73224,42618,20580,10474,9010
86,86,8.949925899505615,11,0.09739119155582698,11,0.0973911915558269,0,904048,287089,111803,73224,42618,20580,10474,9010
87,87,9.05019497871399,16,0.09739119155582698,11,0.0973911915558269,0,904048,287089,111803,73224,42618,20580,10474,9010
88,88,9.153365135192873,16,0.09739119155582698,11,0.0973911915558269,0,904048,287089,111803,73224,42618,20580,10474,9010
89,89,9.25765585899353,16,0.09739119155582698,11,0.0973911915558269,0,904048,287089,111803,73224,42618,20580,10474,9010
90,90,9.36220097541809,16,0.09739119155582698,11,0.0973911915558269,0,904048,287089,111803,73224,42618,20580,10474,9010
91,91,9.466702938079834,16,0.09739119155582698,11,0.0973911915558269,0,904048,287089,111803,73224,42618,20580,10474,9010
92,92,9.571099042892456,-4,0.09739119155582698,11,0.0973911915558269,0,904048,287089,111803,73224,42618,20580,10474,9010
93,93,9.675681829452516,-4,0.09739119155582698,11,0.0973911915558269,0,904048,287089,111803,73224,42618,20580,10474,9010
94,94,9.78013300895691,325,0.09739119155582698,11,0.0973911915558269,0,904048,287089,111803,73224,42618,20580,10474,9010
95,95,9.884325981140137,20,0.09739119155582698,11,0.0973911915558269,0,904048,287089,111803,73224,42618,20580,10474,9010
96,96,9.988587141036987,20,0.09739119155582698,11,0.0973911915558269,0,904048,287089,111803,73224,42618,20580,10474,9010
97,97,10.092993974685667,20,0.09739119155582698,11,0.0973911915558269,0,904048,287089,111803,73224,42618,20580,10474,9010
98,98,10.196335077285768,20,0.09739119155582698,11,0.0973911915558269,0,904048,287089,111803,73224,42618,20580,10474,9010
99,99,10.296762943267822,20,0.09739119155582698,11,0.0973911915558269,0,904048,287089,111803,73224,42618,20580,10474,9010
100,100,10.401118993759155,20,0.09739119155582698,11,0.0973911915558269,0,904048,287089,111803,73224,42618,20580,10474,9010
101,101,10.50357699394226,20,0.09739119155582698,11,0.0973911915558269,0,904048,287089,111803,73224,42618,20580,10474,9010
102,102,10.604405164718628,20,0.09739119155582698,11,0.0973911915558269,0,904048,287089,111803,73224,42618,20580,10474,9010
103,103,10.70829701423645,20,0.09739119155582698,11,0.0973911915558269,0,904048,287089,111803,73224,42618,20580,10474,9010
104,104,10.8108069896698,20,0.09739119155582698,11,0.0973911915558269,0,904048,287089,111803,73224,42618,20580,10474,9010
105,105,10.91207790374756,20,0.09739119155582698,11,0.0973911915558269,0,904048,287089,111803,73224,42618,20580,10474,9010
106,106,11.016576766967772,20,0.09739119155582698,11,0.0973911915558269,0,904048,287089,111803,73224,42618,20580,10474,9010
107,107,11.121065139770508,20,0.09739119155582698,11,0.0973911915558269,0,904048,287089,111803,73224,42618,20580,10474,9010
108,108,11.225563049316406,20,0.09739119155582698,11,0.0973911915558269,0,904048,287089,111803,73224,42618,20580,10474,9010
109,109,11.330162048339844,20,0.09739119155582698,11,0.0973911915558269,0,904048,287089,111803,73224,42618,20580,10474,9010
110,110,11.434628009796144,20,0.09739119155582698,11,0.0973911915558269,0,904048,287089,111803,73224,42618,20580,10474,9010
111,111,11.53907585144043,20,0.09739119155582698,11,0.0973911915558269,0,904048,287089,111803,73224,42618,20580,10474,9010
112,112,11.643529176712036,7,0.09739119155582698,11,0.0973911915558269,0,904048,287089,111803,73224,42618,20580,10474,9010
113,113,11.747072219848633,7,0.09739119155582698,11,0.0973911915558269,0,904048,287089,111803,73224,42618,20580,10474,9010
114,114,11.851266860961914,7,0.09739119155582698,11,0.0973911915558269,0,904048,287089,111803,73224,42618,20580,10474,9010
115,115,11.95138692855835,7,0.09739119155582698,11,0.0973911915558269,0,904048,287089,111803,73224,42618,20580,10474,9010
116,116,12.055686950683594,-14,0.09739119155582698,11,0.0973911915558269,0,904048,287089,111803,73224,42618,20580,10474,9010
117,117,12.160228967666626,-14,0.09739119155582698,11,0.0973911915558269,0,904048,287089,111803,73224,42618,20580,10474,9010
118,118,12.264684915542604,-14,0.09739119155582698,11,0.0973911915558269,0,904048,287089,111803,73224,42618,20580,10474,9010
119,119,12.369280815124512,-14,0.09739119155582698,11,0.0973911915558269,0,904048,287089,111803,73224,42618,20580,10474,9010
120,120,12.47365117073059,-14,0.09739119155582698,11,0.0973911915558269,0,904048,287089,111803,73224,42618,20580,10474,9010
121,121,12.578187227249146,-14,0.09739119155582698,11,0.0973911915558269,0,904048,287089,111803,73224,42618,20580,10474,9010
122,122,12.68270492553711,-14,0.09739119155582698,11,0.0973911915558269,0,904048,287089,111803,73224,42618,20580,10474,9010
123,123,12.787187099456789,-14,0.09739119155582698,11,0.0973911915558269,0,904048,287089,111803,73224,42618,20580,10474,9010
124,124,12.891669034957886,-14,0.09739119155582698,11,0.0973911915558269,0,904048,287089,111803,73224,42618,20580,10474,9010
125,125,12.996134042739868,-20,0.09739119155582698,11,0.0973911915558269,0,904048,287089,111803,73224,42618,20580,10474,9010
126,126,13.100565195083618,-20,0.09739119155582698,11,0.0973911915558269,0,904048,287089,111803,73224,42618,20580,10474,9010
127,127,13.205157995224,-20,0.09739119155582698,11,0.0973911915558269,0,904048,287089,111803,73224,42618,20580,10474,9010
128,128,13.309751987457275,-20,0.09739119155582698,11,0.0973911915558269,0,904048,287089,111803,73224,42618,20580,10474,9010
129,129,13.414069890975952,-20,0.09739119155582698,11,0.0973911915558269,0,904048,287089,111803,73224,42618,20580,10474,9010
130,130,13.518658876419067,-20,0.09739119155582698,11,0.0973911915558269,0,904048,287089,111803,73224,42618,20580,10474,9010
131,131,13.622976779937744,32,0.09739119155582698,11,0.0973911915558269,0,904048,287089,111803,73224,42618,20580,10474,9010
132,132,13.72761297225952,32,0.09739119155582698,11,0.0973911915558269,0,904048,287089,111803,73224,42618,20580,10474,9010
133,133,13.8321270942688,32,0.09739119155582698,11,0.0973911915558269,0,904048,287089,111803,73224,42618,20580,10474,9010
134,134,13.93671202659607,32,0.09739119155582698,11,0.0973911915558269,0,904048,287089,111803,73224,42618,20580,10474,9010
135,135,14.041070938110352,32,0.09739119155582698,11,0.0973911915558269,0,904048,287089,111803,73224,42618,20580,10474,9010
136,136,14.145571947097778,32,0.09739119155582698,11,0.0973911915558269,0,904048,287089,111803,73224,42618,20580,10474,9010
137,137,14.250056028366089,32,0.09739119155582698,11,0.0973911915558269,0,904048,287089,111803,73224,42618,20580,10474,9010
138,138,14.35451602935791,32,0.09739119155582698,11,0.0973911915558269,0,904048,287089,111803,73224,42618,20580,10474,9010
139,139,14.459013938903809,32,0.09739119155582698,11,0.0973911915558269,0,904048,287089,111803,73224,42618,20580,10474,9010
140,140,14.563544988632202,49,0.09739119155582698,11,0.0973911915558269,0,904048,287089,111803,73224,42618,20580,10474,9010
141,141,14.66755223274231,49,0.09739119155582698,11,0.0973911915558269,0,904048,287089,111803,73224,42618,20580,10474,9010
142,142,14.771833896636965,49,0.09739119155582698,11,0.0973911915558269,0,904048,287089,111803,73224,42618,20580,10474,9010
143,143,14.876668930053713,49,0.09739119155582698,11,0.0973911915558269,0,904048,287089,111803,73224,42618,20580,10474,9010
144,144,14.980768918991089,49,0.09739119155582698,11,0.0973911915558269,0,904048,287089,111803,73224,42618,20580,10474,9010
145,145,15.08597993850708,49,0.09739119155582698,11,0.0973911915558269,0,904048,287089,111803,73224,42618,20580,10474,9010
146,146,15.188147068023682,49,0.09739119155582698,11,0.0973911915558269,0,904048,287089,111803,73224,42618,20580,10474,9010
147,147,15.292547941207886,49,0.09739119155582698,11,0.0973911915558269,0,904048,287089,111803,73224,42618,20580,10474,9010
148,148,15.396367073059082,49,0.09739119155582698,11,0.0973911915558269,0,904048,287089,111803,73224,42618,20580,10474,9010
149,149,15.50023889541626,49,0.09739119155582698,11,0.0973911915558269,0,904048,287089,111803,73224,42618,20580,10474,9010
150,150,15.605679035186768,49,0.09739119155582698,11,0.0973911915558269,0,904048,287089,111803,73224,42618,20580,10474,9010
151,151,15.708328008651732,49,0.09739119155582698,11,0.0973911915558269,0,904048,287089,111803,73224,42618,20580,10474,9010
152,152,15.811680793762209,49,0.09739119155582698,11,0.0973911915558269,0,904048,287089,111803,73224,42618,20580,10474,9010
153,153,15.916145086288452,49,0.09739119155582698,11,0.0973911915558269,0,904048,287089,111803,73224,42618,20580,10474,9010
154,154,16.02012801170349,49,0.09739119155582698,11,0.0973911915558269,0,904048,287089,111803,73224,42618,20580,10474,9010
155,155,16.12508201599121,49,0.09739119155582698,11,0.0973911915558269,0,904048,287089,111803,73224,42618,20580,10474,9010
156,156,16.22903800010681,49,0.09739119155582698,11,0.0973911915558269,0,904048,287089,111803,73224,42618,20580,10474,9010
157,157,16.331105947494507,49,0.09739119155582698,11,0.0973911915558269,0,904048,287089,111803,73224,42618,20580,10474,9010
158,158,16.436118125915527,49,0.09739119155582698,11,0.0973911915558269,0,904048,287089,111803,73224,42618,20580,10474,9010
159,159,16.540762901306152,49,0.09739119155582698,11,0.0973911915558269,0,904048,287089,111803,73224,42618,20580,10474,9010
160,160,16.644654035568237,49,0.09739119155582698,11,0.0973911915558269,0,904048,287089,111803,73224,42618,20580,10474,9010
161,161,16.74924898147583,49,0.09739119155582698,11,0.0973911915558269,0,904048,287089,111803,73224,42618,20580,10474,9010
162,162,16.853361129760742,49,0.09739119155582698,11,0.0973911915558269,0,904048,287089,111803,73224,42618,20580,10474,9010
163,163,16.957086086273193,49,0.09739119155582698,11,0.0973911915558269,0,904048,287089,111803,73224,42618,20580,10474,9010
164,164,17.059205055236816,49,0.09739119155582698,11,0.0973911915558269,0,904048,287089,111803,73224,42618,20580,10474,9010
165,165,17.16423511505127,49,0.09739119155582698,11,0.0973911915558269,0,904048,287089,111803,73224,42618,20580,10474,9010
166,166,17.26892876625061,49,0.09739119155582698,11,0.0973911915558269,0,904048,287089,111803,73224,42618,20580,10474,9010
167,167,17.373334169387817,49,0.09739119155582698,11,0.0973911915558269,0,904048,287089,111803,73224,42618,20580,10474,9010
168,168,17.477905988693237,49,0.09739119155582698,11,0.0973911915558269,0,904048,287089,111803,73224,42618,20580,10474,9010
169,169,17.58229112625122,82,0.09739119155582698,11,0.0973911915558269,0,904048,287089,111803,73224,42618,20580,10474,9010
170,170,17.686655044555664,82,0.09739119155582698,11,0.0973911915558269,0,904048,287089,111803,73224,42618,20580,10474,9010
171,171,17.791168928146362,82,0.09739119155582698,11,0.0973911915558269,0,904048,287089,111803,73224,42618,20580,10474,9010
172,172,17.895657062530518,82,0.09739119155582698,11,0.0973911915558269,0,904048,287089,111803,73224,42618,20580,10474,9010
173,173,18.000242948532104,82,0.09739119155582698,11,0.0973911915558269,0,904048,287089,111803,73224,42618,20580,10474,9010
174,174,18.104701042175293,82,0.09739119155582698,11,0.0973911915558269,0,904048,287089,111803,73224,42618,20580,10474,9010
175,175,18.209259033203125,82,0.09739119155582698,11,0.0973911915558269,0,904048,287089,111803,73224,42618,20580,10474,9010
176,176,18.313376903533936,82,0.09739119155582698,11,0.0973911915558269,0,904048,287089,111803,73224,42618,20580,10474,9010
177,177,18.417598009109497,82,0.09739119155582698,11,0.0973911915558269,0,904048,287089,111803,73224,42618,20580,10474,9010
178,178,18.519755125045776,82,0.09739119155582698,11,0.0973911915558269,0,904048,287089,111803,73224,42618,20580,10474,9010
179,179,18.62135100364685,82,0.09739119155582698,11,0.0973911915558269,0,904048,287089,111803,73224,42618,20580,10474,9010
180,180,18.72584700584412,82,0.09739119155582698,11,0.0973911915558269,0,904048,287089,111803,73224,42618,20580,10474,9010
181,181,18.83031296730041,82,0.09739119155582698,11,0.0973911915558269,0,904048,287089,111803,73224,42618,20580,10474,9010
182,182,18.934996128082275,82,0.09739119155582698,11,0.0973911915558269,0,904048,287089,111803,73224,42618,20580,10474,9010
183,183,19.03893494606018,82,0.09739119155582698,11,0.0973911915558269,0,904048,287089,111803,73224,42618,20580,10474,9010
184,184,19.143833875656128,82,0.09739119155582698,11,0.0973911915558269,0,904048,287089,111803,73224,42618,20580,10474,9010
185,185,19.24836802482605,82,0.09739119155582698,11,0.0973911915558269,0,904048,287089,111803,73224,42618,20580,10474,9010
186,186,19.35297894477844,82,0.09739119155582698,11,0.0973911915558269,0,904048,287089,111803,73224,42618,20580,10474,9010
187,187,19.457283973693848,82,0.09739119155582698,11,0.0973911915558269,0,904048,287089,111803,73224,42618,20580,10474,9010
188,188,19.561864137649536,82,0.09739119155582698,11,0.0973911915558269,0,904048,287089,111803,73224,42618,20580,10474,9010
189,189,19.662217140197757,82,0.09739119155582698,11,0.0973911915558269,0,904048,287089,111803,73224,42618,20580,10474,9010
190,190,19.766858100891117,82,0.09739119155582698,11,0.0973911915558269,0,904048,287089,111803,73224,42618,20580,10474,9010
191,191,19.868887901306152,82,0.09739119155582698,11,0.0973911915558269,0,904048,287089,111803,73224,42618,20580,10474,9010
192,192,19.973960161209103,82,0.09739119155582698,11,0.0973911915558269,0,904048,287089,111803,73224,42618,20580,10474,9010
193,193,20.07848000526428,82,0.09739119155582698,11,0.0973911915558269,0,904048,287089,111803,73224,42618,20580,10474,9010
194,194,20.18295907974243,82,0.09739119155582698,11,0.0973911915558269,0,904048,287089,111803,73224,42618,20580,10474,9010
195,195,20.283173084259037,82,0.09739119155582698,11,0.0973911915558269,0,904048,287089,111803,73224,42618,20580,10474,9010
196,196,20.38616514205933,82,0.09739119155582698,11,0.0973911915558269,0,904048,287089,111803,73224,42618,20580,10474,9010
197,197,20.49058699607849,82,0.09739119155582698,11,0.0973911915558269,0,904048,287089,111803,73224,42618,20580,10474,9010
198,198,20.595125198364254,82,0.09739119155582698,11,0.0973911915558269,0,904048,287089,111803,73224,42618,20580,10474,9010
199,199,20.69964599609375,82,0.09739119155582698,11,0.0973911915558269,0,904048,287089,111803,73224,42618,20580,10474,9010
200,200,20.804187059402462,82,0.09739119155582698,11,0.0973911915558269,0,904048,287089,111803,73224,42618,20580,10474,9010
201,201,20.90861201286316,82,0.09739119155582698,11,0.0973911915558269,0,904048,287089,111803,73224,42618,20580,10474,9010
202,202,21.01306295394897,82,0.09739119155582698,11,0.0973911915558269,0,904048,287089,111803,73224,42618,20580,10474,9010
203,203,21.11770510673523,82,0.09739119155582698,11,0.0973911915558269,0,904048,287089,111803,73224,42618,20580,10474,9010
204,204,21.22201895713806,82,0.09739119155582698,11,0.0973911915558269,0,904048,287089,111803,73224,42618,20580,10474,9010
205,205,21.32657504081726,82,0.09739119155582698,11,0.0973911915558269,0,904048,287089,111803,73224,42618,20580,10474,9010
206,206,21.431246042251587,82,0.09739119155582698,11,0.0973911915558269,0,904048,287089,111803,73224,42618,20580,10474,9010
207,207,21.53518915176392,82,0.09739119155582698,11,0.0973911915558269,0,904048,287089,111803,73224,42618,20580,10474,9010
208,208,21.64000916481018,82,0.09739119155582698,11,0.0973911915558269,0,904048,287089,111803,73224,42618,20580,10474,9010
209,209,21.74451804161072,82,0.09739119155582698,11,0.0973911915558269,0,904048,287089,111803,73224,42618,20580,10474,9010
210,210,21.84895610809326,82,0.09739119155582698,11,0.0973911915558269,0,904048,287089,111803,73224,42618,20580,10474,9010
211,211,21.953267097473145,82,0.09739119155582698,11,0.0973911915558269,0,904048,287089,111803,73224,42618,20580,10474,9010
212,212,22.05798316001892,82,0.09739119155582698,11,0.0973911915558269,0,904048,287089,111803,73224,42618,20580,10474,9010
213,213,22.162713050842285,82,0.09739119155582698,11,0.0973911915558269,0,904048,287089,111803,73224,42618,20580,10474,9010
214,214,22.2672221660614,82,0.09739119155582698,11,0.0973911915558269,0,904048,287089,111803,73224,42618,20580,10474,9010
215,215,22.371438026428223,82,0.09739119155582698,11,0.0973911915558269,0,904048,287089,111803,73224,42618,20580,10474,9010
216,216,22.4716911315918,82,0.09739119155582698,11,0.0973911915558269,0,904048,287089,111803,73224,42618,20580,10474,9010
217,217,22.574640035629272,82,0.09739119155582698,11,0.0973911915558269,0,904048,287089,111803,73224,42618,20580,10474,9010
218,218,22.67877602577209,82,0.09739119155582698,11,0.0973911915558269,0,904048,287089,111803,73224,42618,20580,10474,9010
219,219,22.783031940460205,82,0.09739119155582698,11,0.0973911915558269,0,904048,287089,111803,73224,42618,20580,10474,9010
220,220,22.888139009475708,82,0.09739119155582698,11,0.0973911915558269,0,904048,287089,111803,73224,42618,20580,10474,9010
221,221,22.992674827575684,82,0.09739119155582698,11,0.0973911915558269,0,904048,287089,111803,73224,42618,20580,10474,9010
222,222,23.0971360206604,82,0.09739119155582698,11,0.0973911915558269,0,904048,287089,111803,73224,42618,20580,10474,9010
223,223,23.201961040496823,82,0.09739119155582698,11,0.0973911915558269,0,904048,287089,111803,73224,42618,20580,10474,9010
224,224,23.305824041366577,82,0.09739119155582698,11,0.0973911915558269,0,904048,287089,111803,73224,42618,20580,10474,9010
225,225,23.410588026046756,82,0.09739119155582698,11,0.0973911915558269,0,904048,287089,111803,73224,42618,20580,10474,9010
226,226,23.51512598991394,82,0.09739119155582698,11,0.0973911915558269,0,904048,287089,111803,73224,42618,20580,10474,9010
227,227,23.61978507041931,82,0.09739119155582698,11,0.0973911915558269,0,904048,287089,111803,73224,42618,20580,10474,9010
228,228,23.724070072174072,82,0.09739119155582698,11,0.0973911915558269,0,904048,287089,111803,73224,42618,20580,10474,9010
229,229,23.828575134277344,89,0.09739119155582698,11,0.0973911915558269,0,904048,287089,111803,73224,42618,20580,10474,9010
230,230,23.933045864105225,89,0.09739119155582698,11,0.0973911915558269,0,904048,287089,111803,73224,42618,20580,10474,9010
231,231,24.037603855133057,-18,0.09739119155582698,11,0.0973911915558269,0,904048,287089,111803,73224,42618,20580,10474,9010
232,232,24.14225697517395,8,0.09739119155582698,11,0.0973911915558269,0,904048,287089,111803,73224,42618,20580,10474,9010
233,233,24.24655294418335,65,0.09739119155582698,11,0.0973911915558269,0,904048,287089,111803,73224,42618,20580,10474,9010
234,234,24.351099014282227,33,0.09739119155582698,11,0.0973911915558269,0,904048,287089,111803,73224,42618,20580,10474,9010
235,235,24.455590963363647,33,0.09739119155582698,11,0.0973911915558269,0,904048,287089,111803,73224,42618,20580,10474,9010
236,236,24.5600368976593,33,0.09739119155582698,11,0.0973911915558269,0,904048,287089,111803,73224,42618,20580,10474,9010
237,237,24.664395093917847,33,0.09739119155582698,11,0.0973911915558269,0,904048,287089,111803,73224,42618,20580,10474,9010
238,238,24.769044160842896,33,0.09739119155582698,11,0.0973911915558269,0,904048,287089,111803,73224,42618,20580,10474,9010
239,239,24.87358903884888,33,0.09739119155582698,11,0.0973911915558269,0,904048,287089,111803,73224,42618,20580,10474,9010
240,240,24.97623109817505,33,0.09739119155582698,11,0.0973911915558269,0,904048,287089,111803,73224,42618,20580,10474,9010
241,241,25.08150100708008,86,0.09739119155582698,11,0.0973911915558269,0,904048,287089,111803,73224,42618,20580,10474,9010
242,242,25.18178391456604,86,0.09739119155582698,11,0.0973911915558269,0,904048,287089,111803,73224,42618,20580,10474,9010
243,243,25.28527402877808,86,0.09739119155582698,11,0.0973911915558269,0,904048,287089,111803,73224,42618,20580,10474,9010
244,244,25.39015007019043,86,0.09739119155582698,11,0.0973911915558269,0,904048,287089,111803,73224,42618,20580,10474,9010
245,245,25.49429702758789,86,0.09739119155582698,11,0.0973911915558269,0,904048,287089,111803,73224,42618,20580,10474,9010
246,246,25.599103212356567,86,0.09739119155582698,11,0.0973911915558269,0,904048,287089,111803,73224,42618,20580,10474,9010
247,247,25.70330619812012,25,1.5379323523791324,34,1.5379323523791324,0,7405,18303,18647,7518,6468,20341,11346,20120
248,248,25.808083057403564,25,1.5379323523791324,34,1.5379323523791324,0,7405,18303,18647,7518,6468,20341,11346,20120
249,249,25.912732124328613,25,1.5379323523791324,34,1.5379323523791324,0,7405,18303,18647,7518,6468,20341,11346,20120
250,250,26.017109155654907,25,1.5379323523791324,34,1.5379323523791324,0,7405,18303,18647,7518,6468,20341,11346,20120
251,251,26.121622800827023,25,1.5379323523791324,34,1.5379323523791324,0,7405,18303,18647,7518,6468,20341,11346,20120
252,252,26.226106882095337,25,1.5379323523791324,34,1.5379323523791324,0,7405,18303,18647,7518,6468,20341,11346,20120
253,253,26.33071494102478,25,1.5379323523791324,34,1.5379323523791324,0,7405,18303,18647,7518,6468,20341,11346,20120
254,254,26.434662103652958,25,1.5379323523791324,34,1.5379323523791324,0,7405,18303,18647,7518,6468,20341,11346,20120
255,255,26.539577960968018,25,1.5379323523791324,34,1.5379323523791324,0,7405,18303,18647,7518,6468,20341,11346,20120
256,256,26.644106149673465,25,1.5379323523791324,34,1.5379323523791324,0,7405,18303,18647,7518,6468,20341,11346,20120
257,257,26.748570919036865,25,1.5379323523791324,34,1.5379323523791324,0,7405,18303,18647,7518,6468,20341,11346,20120
258,258,26.851678133010864,25,1.5379323523791324,34,1.5379323523791324,0,7405,18303,18647,7518,6468,20341,11346,20120
259,259,26.951940059661865,170,0.2336272040302267,47,0.2336272040302267,0,371916,29703,1448,4904,5026,2769,3333,742
260,260,27.05415296554565,170,0.2336272040302267,47,0.2336272040302267,0,371916,29703,1448,4904,5026,2769,3333,742
261,261,27.15867805480957,170,0.2336272040302267,47,0.2336272040302267,0,371916,29703,1448,4904,5026,2769,3333,742
262,262,27.25944685935974,170,0.2336272040302267,47,0.2336272040302267,0,371916,29703,1448,4904,5026,2769,3333,742
263,263,27.363925218582157,170,0.2336272040302267,47,0.2336272040302267,0,371916,29703,1448,4904,5026,2769,3333,742
264,264,27.46853804588318,170,0.2336272040302267,47,0.2336272040302267,0,371916,29703,1448,4904,5026,2769,3333,742
265,265,27.572921991348267,170,0.2336272040302267,47,0.2336272040302267,0,371916,29703,1448,4904,5026,2769,3333,742
266,266,27.677770137786865,170,0.2336272040302267,47,0.2336272040302267,0,371916,29703,1448,4904,5026,2769,3333,742
267,267,27.78165888786316,170,0.2336272040302267,47,0.2336272040302267,0,371916,29703,1448,4904,5026,2769,3333,742
268,268,27.88610291481018,170,0.2336272040302267,47,0.2336272040302267,0,371916,29703,1448,4904,5026,2769,3333,742
269,269,27.99071502685547,170,0.2336272040302267,47,0.2336272040302267,0,371916,29703,1448,4904,5026,2769,3333,742
270,270,28.09543204307556,170,0.2336272040302267,47,0.2336272040302267,0,371916,29703,1448,4904,5026,2769,3333,742
271,271,28.200045824050903,170,0.2336272040302267,47,0.2336272040302267,0,371916,29703,1448,4904,5026,2769,3333,742
272,272,28.30439305305481,170,0.2336272040302267,47,0.2336272040302267,0,371916,29703,1448,4904,5026,2769,3333,742
273,273,28.408835887908936,170,0.2336272040302267,47,0.2336272040302267,0,371916,29703,1448,4904,5026,2769,3333,742
274,274,28.512927055358887,170,0.2336272040302267,47,0.2336272040302267,0,371916,29703,1448,4904,5026,2769,3333,742
275,275,28.617486000061035,170,0.2336272040302267,47,0.2336272040302267,0,371916,29703,1448,4904,5026,2769,3333,742
276,276,28.721668004989624,170,0.2336272040302267,47,0.2336272040302267,0,371916,29703,1448,4904,5026,2769,3333,742
277,277,28.826812982559204,170,0.2336272040302267,47,0.2336272040302267,0,371916,29703,1448,4904,5026,2769,3333,742
278,278,28.931394815444943,170,0.2336272040302267,47,0.2336272040302267,0,371916,29703,1448,4904,5026,2769,3333,742
279,279,29.03576898574829,170,0.2336272040302267,47,0.2336272040302267,0,371916,29703,1448,4904,5026,2769,3333,742
280,280,29.140291929244995,170,0.2336272040302267,47,0.2336272040302267,0,371916,29703,1448,4904,5026,2769,3333,742
281,281,29.244801998138428,170,0.2336272040302267,47,0.2336272040302267,0,371916,29703,1448,4904,5026,2769,3333,742
282,282,29.34927082061768,170,0.2336272040302267,47,0.2336272040302267,0,371916,29703,1448,4904,5026,2769,3333,742
283,283,29.453760147094727,170,0.2336272040302267,47,0.2336272040302267,0,371916,29703,1448,4904,5026,2769,3333,742
284,284,29.55791711807251,170,0.2336272040302267,47,0.2336272040302267,0,371916,29703,1448,4904,5026,2769,3333,742
285,285,29.662065982818604,170,0.2336272040302267,47,0.2336272040302267,0,371916,29703,1448,4904,5026,2769,3333,742
286,286,29.767211198806763,170,0.2336272040302267,47,0.2336272040302267,0,371916,29703,1448,4904,5026,2769,3333,742
287,287,29.87171697616577,170,0.2336272040302267,47,0.2336272040302267,0,371916,29703,1448,4904,5026,2769,3333,742
288,288,29.97621703147888,170,0.2336272040302267,47,0.2336272040302267,0,371916,29703,1448,4904,5026,2769,3333,742
289,289,30.08103895187378,170,0.2336272040302267,47,0.2336272040302267,0,371916,29703,1448,4904,5026,2769,3333,742
290,290,30.185200929641724,170,0.2336272040302267,47,0.2336272040302267,0,371916,29703,1448,4904,5026,2769,3333,742
291,291,30.28915286064148,170,0.2336272040302267,47,0.2336272040302267,0,371916,29703,1448,4904,5026,2769,3333,742
292,292,30.39376902580261,170,0.2336272040302267,47,0.2336272040302267,0,371916,29703,1448,4904,5026,2769,3333,742
293,293,30.498640060424805,170,0.2336272040302267,47,0.2336272040302267,0,371916,29703,1448,4904,5026,2769,3333,742
294,294,30.603264093399048,170,0.2336272040302267,47,0.2336272040302267,0,371916,29703,1448,4904,5026,2769,3333,742
295,295,30.707712173461918,170,0.2336272040302267,47,0.2336272040302267,0,371916,29703,1448,4904,5026,2769,3333,742
296,296,30.81214904785156,170,0.2336272040302267,47,0.2336272040302267,0,371916,29703,1448,4904,5026,2769,3333,742
297,297,30.91663908958435,170,0.2336272040302267,47,0.2336272040302267,0,371916,29703,1448,4904,5026,2769,3333,742
298,298,31.019570112228397,170,0.2336272040302267,47,0.2336272040302267,0,371916,29703,1448,4904,5026,2769,3333,742
299,299,31.1198890209198,170,0.2336272040302267,47,0.2336272040302267,0,371916,29703,1448,4904,5026,2769,3333,742
300,300,31.22074604034424,170,0.2336272040302267,47,0.2336272040302267,0,371916,29703,1448,4904,5026,2769,3333,742
301,301,31.32302188873291,170,0.2336272040302267,47,0.2336272040302267,0,371916,29703,1448,4904,5026,2769,3333,742
302,302,31.427618980407715,170,0.2336272040302267,47,0.2336272040302267,0,371916,29703,1448,4904,5026,2769,3333,742
303,303,31.532008171081543,170,0.2336272040302267,47,0.2336272040302267,0,371916,29703,1448,4904,5026,2769,3333,742
304,304,31.63651704788208,170,0.2336272040302267,47,0.2336272040302267,0,371916,29703,1448,4904,5026,2769,3333,742
305,305,31.74100685119629,170,0.2336272040302267,47,0.2336272040302267,0,371916,29703,1448,4904,5026,2769,3333,742
306,306,31.845520973205566,170,0.2336272040302267,47,0.2336272040302267,0,371916,29703,1448,4904,5026,2769,3333,742
307,307,31.950060844421387,170,0.2336272040302267,47,0.2336272040302267,0,371916,29703,1448,4904,5026,2769,3333,742
308,308,32.05451989173889,170,0.2336272040302267,47,0.2336272040302267,0,371916,29703,1448,4904,5026,2769,3333,742
309,309,32.15900206565857,170,0.2336272040302267,47,0.2336272040302267,0,371916,29703,1448,4904,5026,2769,3333,742
310,310,32.2635760307312,170,0.2336272040302267,47,0.2336272040302267,0,371916,29703,1448,4904,5026,2769,3333,742
311,311,32.368009090423584,170,0.2336272040302267,47,0.2336272040302267,0,371916,29703,1448,4904,5026,2769,3333,742
312,312,32.47254681587219,170,0.2336272040302267,47,0.2336272040302267,0,371916,29703,1448,4904,5026,2769,3333,742
313,313,32.57704210281372,170,0.2336272040302267,47,0.2336272040302267,0,371916,29703,1448,4904,5026,2769,3333,742
314,314,32.68139290809631,170,0.2336272040302267,47,0.2336272040302267,0,371916,29703,1448,4904,5026,2769,3333,742
315,315,32.78588604927063,170,0.2336272040302267,47,0.2336272040302267,0,371916,29703,1448,4904,5026,2769,3333,742
316,316,32.89044499397278,170,0.2336272040302267,47,0.2336272040302267,0,371916,29703,1448,4904,5026,2769,3333,742
317,317,32.9948890209198,170,0.2336272040302267,47,0.2336272040302267,0,371916,29703,1448,4904,5026,2769,3333,742
318,318,33.098880767822266,170,0.2336272040302267,47,0.2336272040302267,0,371916,29703,1448,4904,5026,2769,3333,742
319,319,33.20390701293945,170,0.2336272040302267,47,0.2336272040302267,0,371916,29703,1448,4904,5026,2769,3333,742
320,320,33.30843806266785,170,0.2336272040302267,47,0.2336272040302267,0,371916,29703,1448,4904,5026,2769,3333,742
321,321,33.41289305686951,170,0.2336272040302267,47,0.2336272040302267,0,371916,29703,1448,4904,5026,2769,3333,742
322,322,33.51755094528198,170,0.2336272040302267,47,0.2336272040302267,0,371916,29703,1448,4904,5026,2769,3333,742
323,323,33.62196207046509,170,0.2336272040302267,47,0.2336272040302267,0,371916,29703,1448,4904,5026,2769,3333,742
324,324,33.72651505470276,170,0.2336272040302267,47,0.2336272040302267,0,371916,29703,1448,4904,5026,2769,3333,742
325,325,33.83086395263672,170,0.2336272040302267,47,0.2336272040302267,0,371916,29703,1448,4904,5026,2769,3333,742
326,326,33.93496584892273,170,0.2336272040302267,47,0.2336272040302267,0,371916,29703,1448,4904,5026,2769,3333,742
327,327,34.03949999809265,170,0.2336272040302267,47,0.2336272040302267,0,371916,29703,1448,4904,5026,2769,3333,742
328,328,34.14395093917847,170,0.2336272040302267,47,0.2336272040302267,0,371916,29703,1448,4904,5026,2769,3333,742
329,329,34.2481381893158,170,0.2336272040302267,47,0.2336272040302267,0,371916,29703,1448,4904,5026,2769,3333,742
330,330,34.35327696800232,170,0.2336272040302267,47,0.2336272040302267,0,371916,29703,1448,4904,5026,2769,3333,742
331,331,34.45802712440491,170,0.2336272040302267,47,0.2336272040302267,0,371916,29703,1448,4904,5026,2769,3333,742
332,332,34.562166929244995,170,0.2336272040302267,47,0.2336272040302267,0,371916,29703,1448,4904,5026,2769,3333,742
333,333,34.666789054870605,170,0.2336272040302267,47,0.2336272040302267,0,371916,29703,1448,4904,5026,2769,3333,742
334,334,34.77114510536194,170,0.2336272040302267,47,0.2336272040302267,0,371916,29703,1448,4904,5026,2769,3333,742
335,335,34.87575697898865,170,0.2336272040302267,47,0.2336272040302267,0,371916,29703,1448,4904,5026,2769,3333,742
336,336,34.976874113082886,170,0.2336272040302267,47,0.2336272040302267,0,371916,29703,1448,4904,5026,2769,3333,742
337,337,35.07968711853027,170,0.2336272040302267,47,0.2336272040302267,0,371916,29703,1448,4904,5026,2769,3333,742
338,338,35.183459997177124,170,0.2336272040302267,47,0.2336272040302267,0,371916,29703,1448,4904,5026,2769,3333,742
339,339,35.2872359752655,170,0.2336272040302267,47,0.2336272040302267,0,371916,29703,1448,4904,5026,2769,3333,742
340,340,35.391777992248535,170,0.2336272040302267,47,0.2336272040302267,0,371916,29703,1448,4904,5026,2769,3333,742
341,341,35.49651098251343,170,0.2336272040302267,47,0.2336272040302267,0,371916,29703,1448,4904,5026,2769,3333,742
342,342,35.60091710090637,170,0.2336272040302267,47,0.2336272040302267,0,371916,29703,1448,4904,5026,2769,3333,742
343,343,35.705918073654175,170,0.2336272040302267,47,0.2336272040302267,0,371916,29703,1448,4904,5026,2769,3333,742
344,344,35.80988001823425,170,0.2336272040302267,47,0.2336272040302267,0,371916,29703,1448,4904,5026,2769,3333,742
345,345,35.91454195976257,170,0.2336272040302267,47,0.2336272040302267,0,371916,29703,1448,4904,5026,2769,3333,742
346,346,36.01889109611511,170,0.2336272040302267,47,0.2336272040302267,0,371916,29703,1448,4904,5026,2769,3333,742
347,347,36.1235191822052,170,0.2336272040302267,47,0.2336272040302267,0,371916,29703,1448,4904,5026,2769,3333,742
348,348,36.2283890247345,170,0.2336272040302267,47,0.2336272040302267,0,371916,29703,1448,4904,5026,2769,3333,742
349,349,36.33296608924866,170,0.2336272040302267,47,0.2336272040302267,0,371916,29703,1448,4904,5026,2769,3333,742
350,350,36.43757390975952,170,0.2336272040302267,47,0.2336272040302267,0,371916,29703,1448,4904,5026,2769,3333,742
351,351,36.54188513755798,170,0.2336272040302267,47,0.2336272040302267,0,371916,29703,1448,4904,5026,2769,3333,742
352,352,36.64638996124268,170,0.2336272040302267,47,0.2336272040302267,0,371916,29703,1448,4904,5026,2769,3333,742
353,353,36.75097608566284,170,0.2336272040302267,47,0.2336272040302267,0,371916,29703,1448,4904,5026,2769,3333,742
354,354,36.85535407066345,170,0.2336272040302267,47,0.2336272040302267,0,371916,29703,1448,4904,5026,2769,3333,742
355,355,36.95993900299072,170,0.2336272040302267,47,0.2336272040302267,0,371916,29703,1448,4904,5026,2769,3333,742
356,356,37.0644850730896,170,0.2336272040302267,47,0.2336272040302267,0,371916,29703,1448,4904,5026,2769,3333,742
357,357,37.16879796981812,170,0.2336272040302267,47,0.2336272040302267,0,371916,29703,1448,4904,5026,2769,3333,742
358,358,37.27335000038147,170,0.2336272040302267,47,0.2336272040302267,0,371916,29703,1448,4904,5026,2769,3333,742
359,359,37.37789821624756,170,0.2336272040302267,47,0.2336272040302267,0,371916,29703,1448,4904,5026,2769,3333,742
360,360,37.48236083984375,170,0.2336272040302267,47,0.2336272040302267,0,371916,29703,1448,4904,5026,2769,3333,742
361,361,37.58674812316895,170,0.2336272040302267,47,0.2336272040302267,0,371916,29703,1448,4904,5026,2769,3333,742
362,362,37.69128680229187,170,0.2336272040302267,47,0.2336272040302267,0,371916,29703,1448,4904,5026,2769,3333,742
363,363,37.79589009284973,170,0.2336272040302267,47,0.2336272040302267,0,371916,29703,1448,4904,5026,2769,3333,742
364,364,37.89973998069763,170,0.2336272040302267,47,0.2336272040302267,0,371916,29703,1448,4904,5026,2769,3333,742
365,365,38.00476408004761,170,0.2336272040302267,47,0.2336272040302267,0,371916,29703,1448,4904,5026,2769,3333,742
366,366,38.10940194129944,170,0.2336272040302267,47,0.2336272040302267,0,371916,29703,1448,4904,5026,2769,3333,742
367,367,38.21376085281372,170,0.2336272040302267,47,0.2336272040302267,0,371916,29703,1448,4904,5026,2769,3333,742
368,368,38.31831502914429,170,0.2336272040302267,47,0.2336272040302267,0,371916,29703,1448,4904,5026,2769,3333,742
369,369,38.42281103134155,170,0.2336272040302267,47,0.2336272040302267,0,371916,29703,1448,4904,5026,2769,3333,742
370,370,38.52725791931152,170,0.2336272040302267,47,0.2336272040302267,0,371916,29703,1448,4904,5026,2769,3333,742
371,371,38.631744146347046,170,0.2336272040302267,47,0.2336272040302267,0,371916,29703,1448,4904,5026,2769,3333,742
372,372,38.73622488975525,170,0.2336272040302267,47,0.2336272040302267,0,371916,29703,1448,4904,5026,2769,3333,742
373,373,38.84079003334045,170,0.2336272040302267,47,0.2336272040302267,0,371916,29703,1448,4904,5026,2769,3333,742
374,374,38.945252895355225,170,0.2336272040302267,47,0.2336272040302267,0,371916,29703,1448,4904,5026,2769,3333,742
375,375,39.04975700378418,170,0.2336272040302267,47,0.2336272040302267,0,371916,29703,1448,4904,5026,2769,3333,742
376,376,39.15461587905884,170,0.2336272040302267,47,0.2336272040302267,0,371916,29703,1448,4904,5026,2769,3333,742
377,377,39.258761167526245,170,0.2336272040302267,47,0.2336272040302267,0,371916,29703,1448,4904,5026,2769,3333,742
378,378,39.36336588859558,170,0.2336272040302267,47,0.2336272040302267,0,371916,29703,1448,4904,5026,2769,3333,742
379,379,39.4677951335907,170,0.2336272040302267,47,0.2336272040302267,0,371916,29703,1448,4904,5026,2769,3333,742
380,380,39.57207798957825,170,0.2336272040302267,47,0.2336272040302267,0,371916,29703,1448,4904,5026,2769,3333,742
381,381,39.67669486999512,170,0.2336272040302267,47,0.2336272040302267,0,371916,29703,1448,4904,5026,2769,3333,742
382,382,39.77812385559082,170,0.2336272040302267,47,0.2336272040302267,0,371916,29703,1448,4904,5026,2769,3333,742
383,383,39.87934994697571,170,0.2336272040302267,47,0.2336272040302267,0,371916,29703,1448,4904,5026,2769,3333,742
384,384,39.98388314247131,170,0.2336272040302267,47,0.2336272040302267,0,371916,29703,1448,4904,5026,2769,3333,742
385,385,40.08824419975281,170,0.2336272040302267,47,0.2336272040302267,0,371916,29703,1448,4904,5026,2769,3333,742
386,386,40.19189214706421,170,0.2336272040302267,47,0.2336272040302267,0,371916,29703,1448,4904,5026,2769,3333,742
387,387,40.2921838760376,170,0.2336272040302267,47,0.2336272040302267,0,371916,29703,1448,4904,5026,2769,3333,742
388,388,40.396514892578125,170,0.2336272040302267,47,0.2336272040302267,0,371916,29703,1448,4904,5026,2769,3333,742
389,389,40.50093293190002,170,0.2336272040302267,47,0.2336272040302267,0,371916,29703,1448,4904,5026,2769,3333,742
390,390,40.60210585594177,170,0.2336272040302267,47,0.2336272040302267,0,371916,29703,1448,4904,5026,2769,3333,742
391,391,40.7043080329895,170,0.2336272040302267,47,0.2336272040302267,0,371916,29703,1448,4904,5026,2769,3333,742
392,392,40.80867910385132,170,0.2336272040302267,47,0.2336272040302267,0,371916,29703,1448,4904,5026,2769,3333,742
393,393,40.9122531414032,170,0.2336272040302267,47,0.2336272040302267,0,371916,29703,1448,4904,5026,2769,3333,742
394,394,41.01762390136719,170,0.2336272040302267,47,0.2336272040302267,0,371916,29703,1448,4904,5026,2769,3333,742
395,395,41.12217903137207,170,0.2336272040302267,47,0.2336272040302267,0,371916,29703,1448,4904,5026,2769,3333,742
396,396,41.22618889808655,170,0.2336272040302267,47,0.2336272040302267,0,371916,29703,1448,4904,5026,2769,3333,742
397,397,41.32652401924133,170,0.2336272040302267,47,0.2336272040302267,0,371916,29703,1448,4904,5026,2769,3333,742
398,398,41.429795026779175,170,0.2336272040302267,47,0.2336272040302267,0,371916,29703,1448,4904,5026,2769,3333,742
399,399,41.533653020858765,170,0.2336272040302267,47,0.2336272040302267,0,371916,29703,1448,4904,5026,2769,3333,742
400,400,41.63884878158569,170,0.2336272040302267,47,0.2336272040302267,0,371916,29703,1448,4904,5026,2769,3333,742
401,401,41.73997902870178,170,0.2336272040302267,47,0.2336272040302267,0,371916,29703,1448,4904,5026,2769,3333,742
402,402,41.84205508232117,170,0.2336272040302267,47,0.2336272040302267,0,371916,29703,1448,4904,5026,2769,3333,742
403,403,41.94563794136048,170,0.2336272040302267,47,0.2336272040302267,0,371916,29703,1448,4904,5026,2769,3333,742
404,404,42.05068206787109,170,0.2336272040302267,47,0.2336272040302267,0,371916,29703,1448,4904,5026,2769,3333,742
405,405,42.1550989151001,170,0.2336272040302267,47,0.2336272040302267,0,371916,29703,1448,4904,5026,2769,3333,742
406,406,42.25984287261963,170,0.2336272040302267,47,0.2336272040302267,0,371916,29703,1448,4904,5026,2769,3333,742
407,407,42.36446189880371,170,0.2336272040302267,47,0.2336272040302267,0,371916,29703,1448,4904,5026,2769,3333,742
408,408,42.46900200843811,170,0.2336272040302267,47,0.2336272040302267,0,371916,29703,1448,4904,5026,2769,3333,742
409,409,42.573436975479126,170,0.2336272040302267,47,0.2336272040302267,0,371916,29703,1448,4904,5026,2769,3333,742
410,410,42.67758917808533,170,0.2336272040302267,47,0.2336272040302267,0,371916,29703,1448,4904,5026,2769,3333,742
411,411,42.782140016555786,170,0.2336272040302267,47,0.2336272040302267,0,371916,29703,1448,4904,5026,2769,3333,742
412,412,42.88690996170044,170,0.2336272040302267,47,0.2336272040302267,0,371916,29703,1448,4904,5026,2769,3333,742
413,413,42.9909348487854,170,0.2336272040302267,47,0.2336272040302267,0,371916,29703,1448,4904,5026,2769,3333,742
414,414,43.09593415260315,170,0.2336272040302267,47,0.2336272040302267,0,371916,29703,1448,4904,5026,2769,3333,742
415,415,43.200453996658325,170,0.2336272040302267,47,0.2336272040302267,0,371916,29703,1448,4904,5026,2769,3333,742
416,416,43.3047239780426,170,0.2336272040302267,47,0.2336272040302267,0,371916,29703,1448,4904,5026,2769,3333,742
417,417,43.40942716598511,170,0.2336272040302267,47,0.2336272040302267,0,371916,29703,1448,4904,5026,2769,3333,742
418,418,43.51390290260315,170,0.2336272040302267,47,0.2336272040302267,0,371916,29703,1448,4904,5026,2769,3333,742
419,419,43.61838388442993,170,0.2336272040302267,47,0.2336272040302267,0,371916,29703,1448,4904,5026,2769,3333,742
420,420,43.72288918495178,170,0.2336272040302267,47,0.2336272040302267,0,371916,29703,1448,4904,5026,2769,3333,742
421,421,43.82735300064087,170,0.2336272040302267,47,0.2336272040302267,0,371916,29703,1448,4904,5026,2769,3333,742
422,422,43.93191885948181,170,0.2336272040302267,47,0.2336272040302267,0,371916,29703,1448,4904,5026,2769,3333,742
423,423,44.0363450050354,170,0.2336272040302267,47,0.2336272040302267,0,371916,29703,1448,4904,5026,2769,3333,742
424,424,44.14069414138794,170,0.2336272040302267,47,0.2336272040302267,0,371916,29703,1448,4904,5026,2769,3333,742
425,425,44.24465608596802,170,0.2336272040302267,47,0.2336272040302267,0,371916,29703,1448,4904,5026,2769,3333,742
426,426,44.34986996650696,170,0.2336272040302267,47,0.2336272040302267,0,371916,29703,1448,4904,5026,2769,3333,742
427,427,44.453712940216064,170,0.2336272040302267,47,0.2336272040302267,0,371916,29703,1448,4904,5026,2769,3333,742
428,428,44.55409121513367,170,0.2336272040302267,47,0.2336272040302267,0,371916,29703,1448,4904,5026,2769,3333,742
429,429,44.65431523323059,170,0.2336272040302267,47,0.2336272040302267,0,371916,29703,1448,4904,5026,2769,3333,742
430,430,44.75550818443298,170,0.2336272040302267,47,0.2336272040302267,0,371916,29703,1448,4904,5026,2769,3333,742
431,431,44.86013913154602,170,0.2336272040302267,47,0.2336272040302267,0,371916,29703,1448,4904,5026,2769,3333,742
432,432,44.96445608139038,170,0.2336272040302267,47,0.2336272040302267,0,371916,29703,1448,4904,5026,2769,3333,742
433,433,45.06960606575012,170,0.2336272040302267,47,0.2336272040302267,0,371916,29703,1448,4904,5026,2769,3333,742
434,434,45.17410898208618,170,0.2336272040302267,47,0.2336272040302267,0,371916,29703,1448,4904,5026,2769,3333,742
435,435,45.27864694595337,170,0.2336272040302267,47,0.2336272040302267,0,371916,29703,1448,4904,5026,2769,3333,742
436,436,45.37945008277893,170,0.2336272040302267,47,0.2336272040302267,0,371916,29703,1448,4904,5026,2769,3333,742
437,437,45.483413219451904,170,0.2336272040302267,47,0.2336272040302267,0,371916,29703,1448,4904,5026,2769,3333,742
438,438,45.58770489692688,170,0.2336272040302267,47,0.2336272040302267,0,371916,29703,1448,4904,5026,2769,3333,742
439,439,45.69240307807922,170,0.2336272040302267,47,0.2336272040302267,0,371916,29703,1448,4904,5026,2769,3333,742
440,440,45.79527521133423,170,0.2336272040302267,47,0.2336272040302267,0,371916,29703,1448,4904,5026,2769,3333,742
441,441,45.89553499221802,170,0.2336272040302267,47,0.2336272040302267,0,371916,29703,1448,4904,5026,2769,3333,742
442,442,45.99848604202271,170,0.2336272040302267,47,0.2336272040302267,0,371916,29703,1448,4904,5026,2769,3333,742
443,443,46.10297417640686,170,0.2336272040302267,47,0.2336272040302267,0,371916,29703,1448,4904,5026,2769,3333,742
444,444,46.20750904083252,170,0.2336272040302267,47,0.2336272040302267,0,371916,29703,1448,4904,5026,2769,3333,742
445,445,46.31197500228882,170,0.2336272040302267,47,0.2336272040302267,0,371916,29703,1448,4904,5026,2769,3333,742
446,446,46.41663694381714,170,0.2336272040302267,47,0.2336272040302267,0,371916,29703,1448,4904,5026,2769,3333,742
447,447,46.5206298828125,170,0.2336272040302267,47,0.2336272040302267,0,371916,29703,1448,4904,5026,2769,3333,742
448,448,46.62554621696472,170,0.2336272040302267,47,0.2336272040302267,0,371916,29703,1448,4904,5026,2769,3333,742
449,449,46.73007607460022,170,0.2336272040302267,47,0.2336272040302267,0,371916,29703,1448,4904,5026,2769,3333,742
450,450,46.834283113479614,170,0.2336272040302267,47,0.2336272040302267,0,371916,29703,1448,4904,5026,2769,3333,742
451,451,46.93890690803528,170,0.2336272040302267,47,0.2336272040302267,0,371916,29703,1448,4904,5026,2769,3333,742
452,452,47.0435311794281,170,0.2336272040302267,47,0.2336272040302267,0,371916,29703,1448,4904,5026,2769,3333,742
453,453,47.147907972335815,170,0.2336272040302267,47,0.2336272040302267,0,371916,29703,1448,4904,5026,2769,3333,742
454,454,47.251774072647095,7,0.2336272040302267,47,0.2336272040302267,0,371916,29703,1448,4904,5026,2769,3333,742
455,455,47.35356879234314,7,0.2336272040302267,47,0.2336272040302267,0,371916,29703,1448,4904,5026,2769,3333,742
456,456,47.45827293395996,7,0.2336272040302267,47,0.2336272040302267,0,371916,29703,1448,4904,5026,2769,3333,742
457,457,47.55931901931763,7,0.2336272040302267,47,0.2336272040302267,0,371916,29703,1448,4904,5026,2769,3333,742
458,458,47.66457104682922,7,0.2336272040302267,47,0.2336272040302267,0,371916,29703,1448,4904,5026,2769,3333,742
459,459,47.76536989212036,7,0.2336272040302267,47,0.2336272040302267,0,371916,29703,1448,4904,5026,2769,3333,742
460,460,47.86777901649475,7,0.2336272040302267,47,0.2336272040302267,0,371916,29703,1448,4904,5026,2769,3333,742
461,461,47.97242999076843,7,0.2336272040302267,47,0.2336272040302267,0,371916,29703,1448,4904,5026,2769,3333,742
462,462,48.076740026474,7,0.2336272040302267,47,0.2336272040302267,0,371916,29703,1448,4904,5026,2769,3333,742
463,463,48.18120098114014,7,0.2336272040302267,47,0.2336272040302267,0,371916,29703,1448,4904,5026,2769,3333,742
464,464,48.28570294380188,7,0.2336272040302267,47,0.2336272040302267,0,371916,29703,1448,4904,5026,2769,3333,742
465,465,48.38985514640808,7,0.2336272040302267,47,0.2336272040302267,0,371916,29703,1448,4904,5026,2769,3333,742
466,466,48.49421000480652,7,0.2336272040302267,47,0.2336272040302267,0,371916,29703,1448,4904,5026,2769,3333,742
467,467,48.5988039970398,7,0.2336272040302267,47,0.2336272040302267,0,371916,29703,1448,4904,5026,2769,3333,742
468,468,48.70368099212647,7,0.2336272040302267,47,0.2336272040302267,0,371916,29703,1448,4904,5026,2769,3333,742
469,469,48.80764818191528,7,0.2336272040302267,47,0.2336272040302267,0,371916,29703,1448,4904,5026,2769,3333,742
470,470,48.912216901779175,7,0.2336272040302267,47,0.2336272040302267,0,371916,29703,1448,4904,5026,2769,3333,742
471,471,49.01686692237854,7,0.2336272040302267,47,0.2336272040302267,0,371916,29703,1448,4904,5026,2769,3333,742
472,472,49.12123990058899,7,0.2336272040302267,47,0.2336272040302267,0,371916,29703,1448,4904,5026,2769,3333,742
473,473,49.22571611404419,7,0.2336272040302267,47,0.2336272040302267,0,371916,29703,1448,4904,5026,2769,3333,742
474,474,49.330312967300415,7,0.2336272040302267,47,0.2336272040302267,0,371916,29703,1448,4904,5026,2769,3333,742
475,475,49.435173988342285,7,0.2336272040302267,47,0.2336272040302267,0,371916,29703,1448,4904,5026,2769,3333,742
476,476,49.5396409034729,7,0.2336272040302267,47,0.2336272040302267,0,371916,29703,1448,4904,5026,2769,3333,742
477,477,49.64259004592896,7,0.2336272040302267,47,0.2336272040302267,0,371916,29703,1448,4904,5026,2769,3333,742
478,478,49.747129917144775,7,0.2336272040302267,47,0.2336272040302267,0,371916,29703,1448,4904,5026,2769,3333,742
479,479,49.84726691246033,7,0.2336272040302267,47,0.2336272040302267,0,371916,29703,1448,4904,5026,2769,3333,742
480,480,49.951173067092896,18,0.2336272040302267,47,0.2336272040302267,0,371916,29703,1448,4904,5026,2769,3333,742
481,481,50.05153298377991,18,0.2336272040302267,47,0.2336272040302267,0,371916,29703,1448,4904,5026,2769,3333,742
482,482,50.15497303009033,18,0.2336272040302267,47,0.2336272040302267,0,371916,29703,1448,4904,5026,2769,3333,742
483,483,50.25954389572144,18,0.2336272040302267,47,0.2336272040302267,0,371916,29703,1448,4904,5026,2769,3333,742
484,484,50.36373496055603,18,0.2336272040302267,47,0.2336272040302267,0,371916,29703,1448,4904,5026,2769,3333,742
485,485,50.46396398544312,18,0.2336272040302267,47,0.2336272040302267,0,371916,29703,1448,4904,5026,2769,3333,742
486,486,50.56686186790466,52,0.2336272040302267,47,0.2336272040302267,0,371916,29703,1448,4904,5026,2769,3333,742
487,487,50.67117190361023,115,0.4893529472276515,30,0.4893529472276515,0,56306,19488,17723,21161,8307,21494,19360,9514
488,488,50.77540016174317,115,0.4893529472276515,30,0.4893529472276515,0,56306,19488,17723,21161,8307,21494,19360,9514
489,489,50.880638122558594,115,0.4893529472276515,30,0.4893529472276515,0,56306,19488,17723,21161,8307,21494,19360,9514
490,490,50.985167026519775,115,0.4893529472276515,30,0.4893529472276515,0,56306,19488,17723,21161,8307,21494,19360,9514
491,491,51.08909201622009,115,0.4893529472276515,30,0.4893529472276515,0,56306,19488,17723,21161,8307,21494,19360,9514
492,492,51.19408702850342,115,0.4893529472276515,30,0.4893529472276515,0,56306,19488,17723,21161,8307,21494,19360,9514
493,493,51.298670053482056,115,0.4893529472276515,30,0.4893529472276515,0,56306,19488,17723,21161,8307,21494,19360,9514
494,494,51.40309309959412,115,0.4893529472276515,30,0.4893529472276515,0,56306,19488,17723,21161,8307,21494,19360,9514
495,495,51.5076150894165,115,0.4893529472276515,30,0.4893529472276515,0,56306,19488,17723,21161,8307,21494,19360,9514
496,496,51.61212706565857,115,0.4893529472276515,30,0.4893529472276515,0,56306,19488,17723,21161,8307,21494,19360,9514
497,497,51.71657609939575,115,0.4893529472276515,30,0.4893529472276515,0,56306,19488,17723,21161,8307,21494,19360,9514
498,498,51.821067810058594,115,0.4893529472276515,30,0.4893529472276515,0,56306,19488,17723,21161,8307,21494,19360,9514
499,499,51.92145705223084,115,0.4893529472276515,30,0.4893529472276515,0,56306,19488,17723,21161,8307,21494,19360,9514
500,500,52.02592182159424,115,0.4893529472276515,30,0.4893529472276515,0,56306,19488,17723,21161,8307,21494,19360,9514
501,501,52.12894797325134,115,0.4893529472276515,30,0.4893529472276515,0,56306,19488,17723,21161,8307,21494,19360,9514
502,502,52.23323822021485,115,0.4893529472276515,30,0.4893529472276515,0,56306,19488,17723,21161,8307,21494,19360,9514
503,503,52.33780598640442,115,0.4893529472276515,30,0.4893529472276515,0,56306,19488,17723,21161,8307,21494,19360,9514
504,504,52.4422779083252,104,0.4893529472276515,30,0.4893529472276515,0,56306,19488,17723,21161,8307,21494,19360,9514
505,505,52.547008991241455,104,0.4893529472276515,30,0.4893529472276515,0,56306,19488,17723,21161,8307,21494,19360,9514
506,506,52.65118598937988,104,0.4893529472276515,30,0.4893529472276515,0,56306,19488,17723,21161,8307,21494,19360,9514
507,507,52.75569701194763,104,0.4893529472276515,30,0.4893529472276515,0,56306,19488,17723,21161,8307,21494,19360,9514
508,508,52.860235929489136,104,0.4893529472276515,30,0.4893529472276515,0,56306,19488,17723,21161,8307,21494,19360,9514
509,509,52.96484994888306,104,0.4893529472276515,30,0.4893529472276515,0,56306,19488,17723,21161,8307,21494,19360,9514
510,510,53.06918787956238,104,0.4893529472276515,30,0.4893529472276515,0,56306,19488,17723,21161,8307,21494,19360,9514
511,511,53.17378211021423,110,0.4893529472276515,30,0.4893529472276515,0,56306,19488,17723,21161,8307,21494,19360,9514
512,512,53.27754998207092,110,0.4893529472276515,30,0.4893529472276515,0,56306,19488,17723,21161,8307,21494,19360,9514
513,513,53.382564067840576,110,0.4893529472276515,30,0.4893529472276515,0,56306,19488,17723,21161,8307,21494,19360,9514
514,514,53.487159967422485,110,0.4893529472276515,30,0.4893529472276515,0,56306,19488,17723,21161,8307,21494,19360,9514
515,515,53.59173107147217,110,0.4893529472276515,30,0.4893529472276515,0,56306,19488,17723,21161,8307,21494,19360,9514
516,516,53.69537019729614,110,0.4893529472276515,30,0.4893529472276515,0,56306,19488,17723,21161,8307,21494,19360,9514
517,517,53.80045509338379,110,0.4893529472276515,30,0.4893529472276515,0,56306,19488,17723,21161,8307,21494,19360,9514
518,518,53.9050829410553,110,0.4893529472276515,30,0.4893529472276515,0,56306,19488,17723,21161,8307,21494,19360,9514
519,519,54.00945019721985,110,0.4893529472276515,30,0.4893529472276515,0,56306,19488,17723,21161,8307,21494,19360,9514
520,520,54.11409497261048,110,0.4893529472276515,30,0.4893529472276515,0,56306,19488,17723,21161,8307,21494,19360,9514
521,521,54.21862411499024,110,0.4893529472276515,30,0.4893529472276515,0,56306,19488,17723,21161,8307,21494,19360,9514
522,522,54.32309794425965,110,0.4893529472276515,30,0.4893529472276515,0,56306,19488,17723,21161,8307,21494,19360,9514
523,523,54.42469000816345,110,0.4893529472276515,30,0.4893529472276515,0,56306,19488,17723,21161,8307,21494,19360,9514
524,524,54.5296049118042,110,0.4893529472276515,30,0.4893529472276515,0,56306,19488,17723,21161,8307,21494,19360,9514
525,525,54.63312387466431,110,0.4893529472276515,30,0.4893529472276515,0,56306,19488,17723,21161,8307,21494,19360,9514
526,526,54.73553705215454,110,0.4893529472276515,30,0.4893529472276515,0,56306,19488,17723,21161,8307,21494,19360,9514
527,527,54.839147090911865,110,0.4893529472276515,30,0.4893529472276515,0,56306,19488,17723,21161,8307,21494,19360,9514
528,528,54.94420790672302,110,0.4893529472276515,30,0.4893529472276515,0,56306,19488,17723,21161,8307,21494,19360,9514
529,529,55.04873514175415,110,0.4893529472276515,30,0.4893529472276515,0,56306,19488,17723,21161,8307,21494,19360,9514
530,530,55.15324497222901,110,0.4893529472276515,30,0.4893529472276515,0,56306,19488,17723,21161,8307,21494,19360,9514
531,531,55.25772714614868,110,0.4893529472276515,30,0.4893529472276515,0,56306,19488,17723,21161,8307,21494,19360,9514
532,532,55.36221194267273,110,0.4893529472276515,30,0.4893529472276515,0,56306,19488,17723,21161,8307,21494,19360,9514
533,533,55.46679091453552,110,0.4893529472276515,30,0.4893529472276515,0,56306,19488,17723,21161,8307,21494,19360,9514
534,534,55.57122278213501,110,0.4893529472276515,30,0.4893529472276515,0,56306,19488,17723,21161,8307,21494,19360,9514
535,535,55.675642013549805,99,0.4893529472276515,30,0.4893529472276515,0,56306,19488,17723,21161,8307,21494,19360,9514
536,536,55.77986907958984,99,0.4893529472276515,30,0.4893529472276515,0,56306,19488,17723,21161,8307,21494,19360,9514
537,537,55.88473296165466,99,0.4893529472276515,30,0.4893529472276515,0,56306,19488,17723,21161,8307,21494,19360,9514
538,538,55.99009895324707,99,0.4893529472276515,30,0.4893529472276515,0,56306,19488,17723,21161,8307,21494,19360,9514
539,539,56.09356713294983,99,0.4893529472276515,30,0.4893529472276515,0,56306,19488,17723,21161,8307,21494,19360,9514
540,540,56.19813799858093,99,0.4893529472276515,30,0.4893529472276515,0,56306,19488,17723,21161,8307,21494,19360,9514
541,541,56.302725076675415,93,0.4893529472276515,30,0.4893529472276515,0,56306,19488,17723,21161,8307,21494,19360,9514
542,542,56.40730500221253,93,0.4893529472276515,30,0.4893529472276515,0,56306,19488,17723,21161,8307,21494,19360,9514
543,543,56.511698961257935,93,0.4893529472276515,30,0.4893529472276515,0,56306,19488,17723,21161,8307,21494,19360,9514
544,544,56.61620903015137,93,0.4893529472276515,30,0.4893529472276515,0,56306,19488,17723,21161,8307,21494,19360,9514
545,545,56.72082591056824,93,0.4893529472276515,30,0.4893529472276515,0,56306,19488,17723,21161,8307,21494,19360,9514
546,546,56.82522106170654,93,0.4893529472276515,30,0.4893529472276515,0,56306,19488,17723,21161,8307,21494,19360,9514
547,547,56.92890095710754,93,0.4893529472276515,30,0.4893529472276515,0,56306,19488,17723,21161,8307,21494,19360,9514
548,548,57.03404998779297,93,0.4893529472276515,30,0.4893529472276515,0,56306,19488,17723,21161,8307,21494,19360,9514
549,549,57.13859295845032,93,0.4893529472276515,30,0.4893529472276515,0,56306,19488,17723,21161,8307,21494,19360,9514
550,550,57.243077993392944,93,0.4893529472276515,30,0.4893529472276515,0,56306,19488,17723,21161,8307,21494,19360,9514
551,551,57.34771394729614,93,0.4893529472276515,30,0.4893529472276515,0,56306,19488,17723,21161,8307,21494,19360,9514
552,552,57.45218801498413,93,0.4893529472276515,30,0.4893529472276515,0,56306,19488,17723,21161,8307,21494,19360,9514
553,553,57.5566029548645,93,0.4893529472276515,30,0.4893529472276515,0,56306,19488,17723,21161,8307,21494,19360,9514
554,554,57.6611328125,93,0.4893529472276515,30,0.4893529472276515,0,56306,19488,17723,21161,8307,21494,19360,9514
555,555,57.76563692092896,93,0.4893529472276515,30,0.4893529472276515,0,56306,19488,17723,21161,8307,21494,19360,9514
556,556,57.87006807327271,93,0.4893529472276515,30,0.4893529472276515,0,56306,19488,17723,21161,8307,21494,19360,9514
557,557,57.97455191612244,93,0.4893529472276515,30,0.4893529472276515,0,56306,19488,17723,21161,8307,21494,19360,9514
558,558,58.07902717590332,93,0.4893529472276515,30,0.4893529472276515,0,56306,19488,17723,21161,8307,21494,19360,9514
559,559,58.183473110198975,93,0.4893529472276515,30,0.4893529472276515,0,56306,19488,17723,21161,8307,21494,19360,9514
560,560,58.287989139556885,93,0.4893529472276515,30,0.4893529472276515,0,56306,19488,17723,21161,8307,21494,19360,9514
561,561,58.39251494407654,93,0.4893529472276515,30,0.4893529472276515,0,56306,19488,17723,21161,8307,21494,19360,9514
562,562,58.49626779556274,93,0.4893529472276515,30,0.4893529472276515,0,56306,19488,17723,21161,8307,21494,19360,9514
563,563,58.59779000282288,93,0.4893529472276515,30,0.4893529472276515,0,56306,19488,17723,21161,8307,21494,19360,9514
564,564,58.70276999473572,93,0.4893529472276515,30,0.4893529472276515,0,56306,19488,17723,21161,8307,21494,19360,9514
565,565,58.804649114608765,93,0.4893529472276515,30,0.4893529472276515,0,56306,19488,17723,21161,8307,21494,19360,9514
566,566,58.90885901451111,93,0.4893529472276515,30,0.4893529472276515,0,56306,19488,17723,21161,8307,21494,19360,9514
567,567,59.00917100906372,93,0.4893529472276515,30,0.4893529472276515,0,56306,19488,17723,21161,8307,21494,19360,9514
568,568,59.112927198410034,93,0.4893529472276515,30,0.4893529472276515,0,56306,19488,17723,21161,8307,21494,19360,9514
569,569,59.21616077423096,93,0.4893529472276515,30,0.4893529472276515,0,56306,19488,17723,21161,8307,21494,19360,9514
570,570,59.321017026901245,16,0.4893529472276515,30,0.4893529472276515,0,56306,19488,17723,21161,8307,21494,19360,9514
571,571,59.42535400390625,44,0.4893529472276515,30,0.4893529472276515,0,56306,19488,17723,21161,8307,21494,19360,9514
572,572,59.53027892112732,44,0.4893529472276515,30,0.4893529472276515,0,56306,19488,17723,21161,8307,21494,19360,9514
573,573,59.63402605056763,44,0.4893529472276515,30,0.4893529472276515,0,56306,19488,17723,21161,8307,21494,19360,9514
574,574,59.73923707008362,44,0.4893529472276515,30,0.4893529472276515,0,56306,19488,17723,21161,8307,21494,19360,9514
575,575,59.84381914138794,44,0.4893529472276515,30,0.4893529472276515,0,56306,19488,17723,21161,8307,21494,19360,9514
576,576,59.947810888290405,44,0.4893529472276515,30,0.4893529472276515,0,56306,19488,17723,21161,8307,21494,19360,9514
